case_id;label;cf_n_events;cf_seq_violations;cf_missing_steps;cf_duplicate_steps;cf_wrong_order_ratio;cf_has_appeal;cf_has_penalty;cf_has_payment;temp_total_hrs;temp_max_step_hrs;temp_std_step_hrs;res_n_resources;res_single_resource;res_many_resources;res_dominant_resource_ratio;res_rpa_flag;res_unusual_activity_count;res_unusual_activity_ratio;res_workload_share;res_resource_rarity;event_count;dt_last_activity;dt_execution_state;amount;expense;anomaly_score;risk_level;anomaly_types;ddc_score;z_score;arm_score;br_score;control_flow_score;temporal_score;resource_score;ddc_violations;arm_rules_hit;high_threshold;medium_threshold;adaptive_z_threshold;fusion_weights;violated_constraints;violated_arm_rules;explanation;baseline_iteration;baseline_role;evaluation_split;threshold;threshold_method;threshold_scope;predicted_label;static_dc_score;single_arm_score;single_arm_rules_hit;static_dc_predicted_label;single_arm_predicted_label;static_dc_threshold;static_dc_threshold_method;single_arm_threshold;single_arm_threshold_method
A100;deviant;4;0;0;0;0.0;0;1;0;5424.0;3168.0;1218.418647263739;1;1;1;1.0;0;0;0.0;1.0;0.9761273209549072;4;add penalty;running;44.125;8.25;0.5449;High;Resource;0.125;0.062;0.0;0.1667;0.0;0.0;0.125;3;0;0.5449;0.5449;0.3575;"{""ddc"": 0.062, ""z"": 0.062, ""arm"": 0.062, ""br"": 0.815}";"DDC_Z:res_resource_rarity; DDC_IQR:res_resource_rarity; DDC_PCTL:res_resource_rarity";;"DDC violations: DDC_Z:res_resource_rarity; DDC_IQR:res_resource_rarity; DDC_PCTL:res_resource_rarity";2;stable_baseline;threshold_calibration_and_evaluation;0.5353;anomaly_score_pr_max_f1;full_dataset;deviant;0.0;0.0;0;regular;regular;0.3333;static_dc_score_score_distribution_otsu;0.8609;single_arm_score_score_distribution_otsu
A10000;regular;5;0;0;0;0.0;0;1;1;13200.0;8256.0;3490.7970436563623;1;1;1;1.0;0;0;0.0;1.0;0.9761273209549073;5;payment;completed;51.2;10.4;0.4072;Low;Resource;0.125;0.2857;0.0;0.1667;0.0;0.0;0.125;3;0;0.5449;0.4761;1.867;"{""ddc"": 0.062, ""z"": 0.062, ""arm"": 0.062, ""br"": 0.815}";"DDC_Z:res_resource_rarity; DDC_IQR:res_resource_rarity; DDC_PCTL:res_resource_rarity";;"DDC violations: DDC_Z:res_resource_rarity; DDC_IQR:res_resource_rarity; DDC_PCTL:res_resource_rarity | High z-score: temp_max_step_hrs (z=2.37)";2;stable_baseline;threshold_calibration_and_evaluation;0.5353;anomaly_score_pr_max_f1;full_dataset;regular;0.3333;0.0;0;deviant;regular;0.3333;static_dc_score_score_distribution_otsu;0.8609;single_arm_score_score_distribution_otsu
A10001;regular;6;3;0;0;0.6;1;1;0;4536.0;2880.0;1205.3162240673607;1;1;1;1.0;0;2;0.3333333333333333;1.0;0.8116710875331564;6;send appeal to prefecture;running;48.666666666666664;10.833333333333334;0.4799;Medium;Control-Flow|Resource;0.875;0.2018;0.0;0.6667;0.5143;0.0;0.3583;21;0;0.5449;0.4799;2.3631;"{""ddc"": 0.062, ""z"": 0.062, ""arm"": 0.062, ""br"": 0.815}";"DDC_Z:cf_seq_violations; DDC_IQR:cf_seq_violations; DDC_PCTL:cf_seq_violations; DDC_EWMA_HIGH:cf_seq_violations; DDC_Z:cf_wrong_order_ratio; DDC_IQR:cf_wrong_order_ratio; DDC_PCTL:cf_wrong_order_ratio; DDC_EWMA_HIGH:cf_wrong_order_ratio";;"DDC violations: DDC_Z:cf_seq_violations; DDC_IQR:cf_seq_violations; DDC_PCTL:cf_seq_violations | High z-score: cf_seq_violations (z=4.53) | Resource violation: unusual resource assignment for activity | Cross-perspective evidence: Control-Flow + Resource";2;candidate_anomaly;threshold_calibration_and_evaluation;0.5353;anomaly_score_pr_max_f1;full_dataset;deviant;0.4444;0.8609;9;deviant;deviant;0.3333;static_dc_score_score_distribution_otsu;0.8609;single_arm_score_score_distribution_otsu
A10004;deviant;4;0;0;0;0.0;0;1;0;4464.0;2856.0;1344.642703471818;1;1;1;1.0;0;0;0.0;1.0;0.8116710875331565;4;add penalty;running;45.5;9.75;0.6054;High;None;0.0;0.0515;0.0;0.1667;0.0;0.0;0.0;0;0;0.6054;0.5124;0.3264;"{""ddc"": 0.062, ""z"": 0.062, ""arm"": 0.062, ""br"": 0.815}";;;No significant deviations detected;2;candidate_anomaly;threshold_calibration_and_evaluation;0.5353;anomaly_score_pr_max_f1;full_dataset;deviant;0.0;0.0;0;regular;regular;0.3333;static_dc_score_score_distribution_otsu;0.8609;single_arm_score_score_distribution_otsu
A10005;regular;2;0;0;0;0.0;0;0;1;24.0;24.0;0.0;1;1;1;1.0;0;0;0.0;1.0;0.8116710875331565;2;payment;completed;36.0;0.0;0.446;Low;None;0.0;0.1208;0.0;0.0;0.0;0.0;0.0;0;0;0.6054;0.4799;0.7565;"{""ddc"": 0.062, ""z"": 0.062, ""arm"": 0.062, ""br"": 0.815}";;;No significant deviations detected;2;stable_baseline;threshold_calibration_and_evaluation;0.5353;anomaly_score_pr_max_f1;full_dataset;regular;0.0;0.0;0;regular;regular;0.3333;static_dc_score_score_distribution_otsu;0.8609;single_arm_score_score_distribution_otsu
A10007;regular;2;0;0;0;0.0;0;0;1;72.0;72.0;0.0;1;1;1;1.0;0;0;0.0;1.0;0.8116710875331565;2;payment;completed;36.0;0.0;0.447;Low;None;0.0;0.1193;0.0;0.0;0.0;0.0;0.0;0;0;0.6054;0.4634;0.7456;"{""ddc"": 0.062, ""z"": 0.062, ""arm"": 0.062, ""br"": 0.815}";;;No significant deviations detected;2;stable_baseline;threshold_calibration_and_evaluation;0.5353;anomaly_score_pr_max_f1;full_dataset;regular;0.0;0.0;0;regular;regular;0.3333;static_dc_score_score_distribution_otsu;0.8609;single_arm_score_score_distribution_otsu
A10008;deviant;4;0;0;0;0.0;0;1;0;4680.0;2856.0;1240.361237704565;1;1;1;1.0;0;0;0.0;1.0;0.8116710875331565;4;add penalty;running;45.5;9.75;0.6039;Medium;None;0.0;0.054;0.0;0.1667;0.0;0.0;0.0;0;0;0.6054;0.4799;0.3356;"{""ddc"": 0.062, ""z"": 0.062, ""arm"": 0.062, ""br"": 0.815}";;;No significant deviations detected;2;candidate_anomaly;threshold_calibration_and_evaluation;0.5353;anomaly_score_pr_max_f1;full_dataset;deviant;0.0;0.0;0;regular;regular;0.3333;static_dc_score_score_distribution_otsu;0.8609;single_arm_score_score_distribution_otsu
A10009;regular;6;1;0;0;0.2;0;1;1;5400.0;2856.0;1117.4828857749903;1;1;1;1.0;0;0;0.0;1.0;0.8116710875331564;6;payment;completed;33.0;10.833333333333334;0.2366;Low;Control-Flow|Resource;0.1667;0.1312;0.7827;0.0;0.2514;0.0;0.0312;4;1;0.6054;0.4634;0.875;"{""ddc"": 0.062, ""z"": 0.062, ""arm"": 0.062, ""br"": 0.815}";"DDC_IQR:cf_seq_violations; DDC_IQR:cf_wrong_order_ratio; DDC_PCTL:res_resource_rarity; DDC_CF:wrong_order_transition";CF_has_payment + CF_has_penalty => TEMP_variable;"DDC violations: DDC_IQR:cf_seq_violations; DDC_IQR:cf_wrong_order_ratio; DDC_PCTL:res_resource_rarity | MV-ARM violation: CF_has_payment + CF_has_penalty => TEMP_variable missing expected consequent | Cross-perspective evidence: Control-Flow + Resource";2;stable_baseline;threshold_calibration_and_evaluation;0.5353;anomaly_score_pr_max_f1;full_dataset;regular;0.1111;0.0;0;regular;regular;0.3333;static_dc_score_score_distribution_otsu;0.8609;single_arm_score_score_distribution_otsu
A1001;deviant;4;0;0;0;0.0;0;1;0;5064.0;3168.0;1372.903492602448;1;1;1;1.0;0;0;0.0;1.0;0.9151193633952255;4;add penalty;running;26.375;8.25;0.5703;Medium;None;0.0;0.1098;0.0;0.1667;0.0;0.0;0.0;0;0;0.6054;0.4799;0.8135;"{""ddc"": 0.062, ""z"": 0.062, ""arm"": 0.062, ""br"": 0.815}";;;No significant deviations detected;2;stable_baseline;threshold_calibration_and_evaluation;0.5353;anomaly_score_pr_max_f1;full_dataset;deviant;0.0;0.0;0;regular;regular;0.3333;static_dc_score_score_distribution_otsu;0.8609;single_arm_score_score_distribution_otsu
A10010;deviant;4;0;0;0;0.0;0;1;0;4440.0;2856.0;1356.4424057069286;1;1;1;1.0;0;0;0.0;1.0;0.8116710875331565;4;add penalty;running;45.5;9.75;0.6056;High;None;0.0;0.0512;0.0;0.1667;0.0;0.0;0.0;0;0;0.6054;0.5804;0.3255;"{""ddc"": 0.062, ""z"": 0.062, ""arm"": 0.062, ""br"": 0.815}";;;No significant deviations detected;2;candidate_anomaly;threshold_calibration_and_evaluation;0.5353;anomaly_score_pr_max_f1;full_dataset;deviant;0.0;0.0;0;regular;regular;0.3333;static_dc_score_score_distribution_otsu;0.8609;single_arm_score_score_distribution_otsu
A10011;deviant;4;0;0;0;0.0;0;1;0;6360.0;4608.0;2227.26379218987;1;1;1;1.0;0;0;0.0;1.0;0.8116710875331565;4;add penalty;running;45.5;13.950000000000001;0.5353;Low;None;0.0833;0.1073;0.0;0.1667;0.0;0.0;0.0;2;0;0.6054;0.5703;0.6598;"{""ddc"": 0.062, ""z"": 0.062, ""arm"": 0.062, ""br"": 0.815}";"DDC_PCTL:expense; DDC_EWMA_HIGH:expense";;"DDC violations: DDC_PCTL:expense; DDC_EWMA_HIGH:expense";2;stable_baseline;threshold_calibration_and_evaluation;0.5353;anomaly_score_pr_max_f1;full_dataset;deviant;0.0;0.0;0;regular;regular;0.3333;static_dc_score_score_distribution_otsu;0.8609;single_arm_score_score_distribution_otsu
A10015;deviant;4;0;0;0;0.0;0;1;0;5064.0;3216.0;1420.3323554717747;1;1;1;1.0;0;0;0.0;1.0;0.8116710875331565;4;add penalty;running;45.5;9.75;0.5971;Medium;None;0.0;0.0654;0.0;0.1667;0.0;0.0;0.0;0;0;0.6052;0.5891;0.3868;"{""ddc"": 0.062, ""z"": 0.062, ""arm"": 0.062, ""br"": 0.815}";;;No significant deviations detected;2;stable_baseline;threshold_calibration_and_evaluation;0.5353;anomaly_score_pr_max_f1;full_dataset;deviant;0.0;0.0;0;regular;regular;0.3333;static_dc_score_score_distribution_otsu;0.8609;single_arm_score_score_distribution_otsu
A10018;regular;5;0;0;0;0.0;0;1;1;4800.0;3192.0;1475.4307845507358;1;1;1;1.0;0;0;0.0;1.0;0.8116710875331565;5;add penalty;completed;30.8;10.4;0.2941;Low;None;0.0;0.0853;0.9231;0.0;0.0;0.0;0.0;0;2;0.6051;0.581;0.5882;"{""ddc"": 0.062, ""z"": 0.062, ""arm"": 0.062, ""br"": 0.815}";;CF_has_payment + TEMP_variable => TEMP_slow;MV-ARM violation: CF_has_payment + TEMP_variable => TEMP_slow missing expected consequent;2;stable_baseline;threshold_calibration_and_evaluation;0.5353;anomaly_score_pr_max_f1;full_dataset;regular;0.0;0.0;0;regular;regular;0.3333;static_dc_score_score_distribution_otsu;0.8609;single_arm_score_score_distribution_otsu
A10019;deviant;4;0;0;0;0.0;0;1;0;4392.0;2808.0;1332.16215229228;1;1;1;1.0;0;0;0.0;1.0;0.8116710875331565;4;add penalty;running;45.5;9.75;0.6064;High;None;0.0;0.0497;0.0;0.1667;0.0;0.0;0.0;0;0;0.6055;0.5978;0.3204;"{""ddc"": 0.062, ""z"": 0.062, ""arm"": 0.062, ""br"": 0.815}";;;No significant deviations detected;2;candidate_anomaly;threshold_calibration_and_evaluation;0.5353;anomaly_score_pr_max_f1;full_dataset;deviant;0.0;0.0;0;regular;regular;0.3333;static_dc_score_score_distribution_otsu;0.8609;single_arm_score_score_distribution_otsu
A1002;deviant;4;0;0;0;0.0;0;1;0;5064.0;3096.0;1301.838699685948;1;1;1;1.0;0;0;0.0;1.0;0.9151193633952255;4;add penalty;running;26.375;8.25;0.5711;Low;None;0.0;0.1084;0.0;0.1667;0.0;0.0;0.0;0;0;0.6055;0.5919;0.8095;"{""ddc"": 0.062, ""z"": 0.062, ""arm"": 0.062, ""br"": 0.815}";;;No significant deviations detected;2;stable_baseline;threshold_calibration_and_evaluation;0.5353;anomaly_score_pr_max_f1;full_dataset;deviant;0.0;0.0;0;regular;regular;0.3333;static_dc_score_score_distribution_otsu;0.8609;single_arm_score_score_distribution_otsu
A10021;deviant;4;0;0;0;0.0;0;1;0;4800.0;3192.0;1518.3359312089008;1;1;1;1.0;0;0;0.0;1.0;0.8116710875331565;4;add penalty;running;45.5;9.75;0.5992;Medium;None;0.0;0.0619;0.0;0.1667;0.0;0.0;0.0;0;0;0.6055;0.5982;0.3704;"{""ddc"": 0.062, ""z"": 0.062, ""arm"": 0.062, ""br"": 0.815}";;;No significant deviations detected;2;stable_baseline;threshold_calibration_and_evaluation;0.5353;anomaly_score_pr_max_f1;full_dataset;deviant;0.0;0.0;0;regular;regular;0.3333;static_dc_score_score_distribution_otsu;0.8609;single_arm_score_score_distribution_otsu
A10022;regular;2;0;0;0;0.0;0;0;1;144.0;144.0;0.0;1;1;1;1.0;0;0;0.0;1.0;0.8116710875331565;2;payment;completed;22.0;0.0;0.3712;Low;None;0.0833;0.1863;0.0;0.0;0.0;0.0;0.0;2;0;0.6055;0.5975;1.23;"{""ddc"": 0.062, ""z"": 0.062, ""arm"": 0.062, ""br"": 0.815}";"DDC_PCTL:amount; DDC_EWMA_LOW:amount";;"DDC violations: DDC_PCTL:amount; DDC_EWMA_LOW:amount";2;stable_baseline;threshold_calibration_and_evaluation;0.5353;anomaly_score_pr_max_f1;full_dataset;regular;0.0;0.0;0;regular;regular;0.3333;static_dc_score_score_distribution_otsu;0.8609;single_arm_score_score_distribution_otsu
A10023;deviant;4;0;0;0;0.0;0;1;0;4440.0;2808.0;1308.4586351887476;1;1;1;1.0;0;0;0.0;1.0;0.8116710875331565;4;add penalty;running;45.5;9.75;0.6061;High;None;0.0;0.0503;0.0;0.1667;0.0;0.0;0.0;0;0;0.6057;0.599;0.3222;"{""ddc"": 0.062, ""z"": 0.062, ""arm"": 0.062, ""br"": 0.815}";;;No significant deviations detected;2;candidate_anomaly;threshold_calibration_and_evaluation;0.5353;anomaly_score_pr_max_f1;full_dataset;deviant;0.0;0.0;0;regular;regular;0.3333;static_dc_score_score_distribution_otsu;0.8609;single_arm_score_score_distribution_otsu
A10024;regular;2;0;0;0;0.0;0;0;1;96.0;96.0;0.0;1;1;1;1.0;0;0;0.0;1.0;0.8116710875331565;2;payment;completed;36.0;0.0;0.4474;Low;None;0.0;0.1186;0.0;0.0;0.0;0.0;0.0;0;0;0.6057;0.5984;0.7401;"{""ddc"": 0.062, ""z"": 0.062, ""arm"": 0.062, ""br"": 0.815}";;;No significant deviations detected;2;stable_baseline;threshold_calibration_and_evaluation;0.5353;anomaly_score_pr_max_f1;full_dataset;regular;0.0;0.0;0;regular;regular;0.3333;static_dc_score_score_distribution_otsu;0.8609;single_arm_score_score_distribution_otsu
A10025;deviant;4;0;0;0;0.0;0;1;0;4800.0;3192.0;1518.3359312089008;1;1;1;1.0;0;0;0.0;1.0;0.8116710875331565;4;add penalty;running;45.5;9.75;0.5992;Medium;None;0.0;0.0619;0.0;0.1667;0.0;0.0;0.0;0;0;0.6056;0.5992;0.3704;"{""ddc"": 0.062, ""z"": 0.062, ""arm"": 0.062, ""br"": 0.815}";;;No significant deviations detected;2;stable_baseline;threshold_calibration_and_evaluation;0.5353;anomaly_score_pr_max_f1;full_dataset;deviant;0.0;0.0;0;regular;regular;0.3333;static_dc_score_score_distribution_otsu;0.8609;single_arm_score_score_distribution_otsu
A10026;deviant;4;0;0;0;0.0;0;1;0;4440.0;2808.0;1308.4586351887476;1;1;1;1.0;0;0;0.0;1.0;0.8116710875331565;4;add penalty;running;45.5;9.75;0.6061;High;None;0.0;0.0503;0.0;0.1667;0.0;0.0;0.0;0;0;0.6061;0.5992;0.3222;"{""ddc"": 0.062, ""z"": 0.062, ""arm"": 0.062, ""br"": 0.815}";;;No significant deviations detected;2;candidate_anomaly;threshold_calibration_and_evaluation;0.5353;anomaly_score_pr_max_f1;full_dataset;deviant;0.0;0.0;0;regular;regular;0.3333;static_dc_score_score_distribution_otsu;0.8609;single_arm_score_score_distribution_otsu
A10029;regular;2;0;0;0;0.0;0;0;1;456.0;456.0;0.0;1;1;1;1.0;0;0;0.0;1.0;0.8116710875331565;2;payment;completed;36.0;0.0;0.4542;Low;None;0.0;0.1075;0.0;0.0;0.0;0.0;0.0;0;0;0.6061;0.5992;0.6595;"{""ddc"": 0.062, ""z"": 0.062, ""arm"": 0.062, ""br"": 0.815}";;;No significant deviations detected;2;stable_baseline;threshold_calibration_and_evaluation;0.5353;anomaly_score_pr_max_f1;full_dataset;regular;0.0;0.0;0;regular;regular;0.3333;static_dc_score_score_distribution_otsu;0.8609;single_arm_score_score_distribution_otsu
A10030;regular;2;0;0;0;0.0;0;0;1;96.0;96.0;0.0;1;1;1;1.0;0;0;0.0;1.0;0.8116710875331565;2;payment;completed;22.0;0.0;0.3703;Low;None;0.0833;0.1878;0.0;0.0;0.0;0.0;0.0;2;0;0.606;0.5992;1.2367;"{""ddc"": 0.062, ""z"": 0.062, ""arm"": 0.062, ""br"": 0.815}";"DDC_PCTL:amount; DDC_EWMA_LOW:amount";;"DDC violations: DDC_PCTL:amount; DDC_EWMA_LOW:amount";2;stable_baseline;threshold_calibration_and_evaluation;0.5353;anomaly_score_pr_max_f1;full_dataset;regular;0.0;0.0;0;regular;regular;0.3333;static_dc_score_score_distribution_otsu;0.8609;single_arm_score_score_distribution_otsu
A10033;regular;5;0;0;0;0.0;0;1;1;12960.0;7944.0;3336.3165317457515;1;1;1;1.0;0;0;0.0;1.0;0.8116710875331565;5;payment;completed;51.2;10.4;0.467;Low;None;0.0;0.2769;0.0;0.1667;0.0;0.0;0.0;0;0;0.6059;0.5992;1.8018;"{""ddc"": 0.062, ""z"": 0.062, ""arm"": 0.062, ""br"": 0.815}";;;High z-score: temp_total_hrs (z=2.27);2;stable_baseline;threshold_calibration_and_evaluation;0.5353;anomaly_score_pr_max_f1;full_dataset;regular;0.3333;0.0;0;deviant;regular;0.3333;static_dc_score_score_distribution_otsu;0.8609;single_arm_score_score_distribution_otsu
A10034;deviant;4;0;0;0;0.0;0;1;0;5040.0;3168.0;1383.6993893183592;1;1;1;1.0;0;0;0.0;1.0;0.8116710875331565;4;add penalty;running;45.5;9.75;0.5978;Low;None;0.0;0.0642;0.0;0.1667;0.0;0.0;0.0;0;0;0.6059;0.5989;0.3807;"{""ddc"": 0.062, ""z"": 0.062, ""arm"": 0.062, ""br"": 0.815}";;;No significant deviations detected;2;stable_baseline;threshold_calibration_and_evaluation;0.5353;anomaly_score_pr_max_f1;full_dataset;deviant;0.0;0.0;0;regular;regular;0.3333;static_dc_score_score_distribution_otsu;0.8609;single_arm_score_score_distribution_otsu
A10042;regular;6;1;0;0;0.2;0;1;1;5616.0;3144.0;1231.0853747811318;1;1;1;1.0;0;0;0.0;1.0;0.8116710875331564;6;payment;completed;55.0;10.833333333333334;0.2057;Low;Control-Flow|Resource;0.2083;0.1737;0.7827;0.0;0.2514;0.0;0.0312;5;1;0.6058;0.5985;1.1258;"{""ddc"": 0.062, ""z"": 0.062, ""arm"": 0.062, ""br"": 0.815}";"DDC_IQR:cf_seq_violations; DDC_IQR:cf_wrong_order_ratio; DDC_PCTL:res_resource_rarity; DDC_PCTL:amount; DDC_CF:wrong_order_transition";CF_has_payment + CF_has_penalty => TEMP_variable;"DDC violations: DDC_IQR:cf_seq_violations; DDC_IQR:cf_wrong_order_ratio; DDC_PCTL:res_resource_rarity | MV-ARM violation: CF_has_payment + CF_has_penalty => TEMP_variable missing expected consequent | Cross-perspective evidence: Control-Flow + Resource";2;stable_baseline;threshold_calibration_and_evaluation;0.5353;anomaly_score_pr_max_f1;full_dataset;regular;0.1111;0.0;0;regular;regular;0.3333;static_dc_score_score_distribution_otsu;0.8609;single_arm_score_score_distribution_otsu
A10043;regular;5;0;0;0;0.0;0;1;1;13584.0;8808.0;3805.4697476132956;1;1;1;1.0;0;0;0.0;1.0;0.8116710875331565;5;payment;completed;51.2;10.4;0.3806;Low;Temporal;0.1667;0.3008;0.0;0.1667;0.0;0.6667;0.0;4;0;0.6058;0.5981;1.9802;"{""ddc"": 0.062, ""z"": 0.062, ""arm"": 0.062, ""br"": 0.815}";"DDC_Z:temp_max_step_hrs; DDC_PCTL:temp_max_step_hrs; DDC_Z:temp_std_step_hrs; DDC_PCTL:temp_std_step_hrs";;"DDC violations: DDC_Z:temp_max_step_hrs; DDC_PCTL:temp_max_step_hrs; DDC_Z:temp_std_step_hrs | High z-score: temp_max_step_hrs (z=2.59)";2;stable_baseline;threshold_calibration_and_evaluation;0.5353;anomaly_score_pr_max_f1;full_dataset;regular;0.3333;0.0;0;deviant;regular;0.3333;static_dc_score_score_distribution_otsu;0.8609;single_arm_score_score_distribution_otsu
A10044;deviant;4;0;0;0;0.0;0;1;0;4752.0;3144.0;1493.216662109019;1;1;1;1.0;0;0;0.0;1.0;0.8116710875331565;4;add penalty;running;45.5;9.75;0.6001;Medium;None;0.0;0.0604;0.0;0.1667;0.0;0.0;0.0;0;0;0.6057;0.5991;0.3633;"{""ddc"": 0.062, ""z"": 0.062, ""arm"": 0.062, ""br"": 0.815}";;;No significant deviations detected;2;stable_baseline;threshold_calibration_and_evaluation;0.5353;anomaly_score_pr_max_f1;full_dataset;deviant;0.0;0.0;0;regular;regular;0.3333;static_dc_score_score_distribution_otsu;0.8609;single_arm_score_score_distribution_otsu
A10046;deviant;4;0;0;0;0.0;0;1;0;4560.0;2664.0;1106.1717768954331;1;1;1;1.0;0;0;0.0;1.0;0.8116710875331565;4;add penalty;running;45.5;9.75;0.6069;High;None;0.0;0.0489;0.0;0.1667;0.0;0.0;0.0;0;0;0.6061;0.5992;0.3188;"{""ddc"": 0.062, ""z"": 0.062, ""arm"": 0.062, ""br"": 0.815}";;;No significant deviations detected;2;candidate_anomaly;threshold_calibration_and_evaluation;0.5353;anomaly_score_pr_max_f1;full_dataset;deviant;0.0;0.0;0;regular;regular;0.3333;static_dc_score_score_distribution_otsu;0.8609;single_arm_score_score_distribution_otsu
A10047;regular;2;0;0;0;0.0;0;0;1;120.0;120.0;0.0;1;1;1;1.0;0;0;0.0;1.0;0.8116710875331565;2;payment;completed;36.0;0.0;0.4479;Low;None;0.0;0.1179;0.0;0.0;0.0;0.0;0.0;0;0;0.6061;0.5992;0.7347;"{""ddc"": 0.062, ""z"": 0.062, ""arm"": 0.062, ""br"": 0.815}";;;No significant deviations detected;2;stable_baseline;threshold_calibration_and_evaluation;0.5353;anomaly_score_pr_max_f1;full_dataset;regular;0.0;0.0;0;regular;regular;0.3333;static_dc_score_score_distribution_otsu;0.8609;single_arm_score_score_distribution_otsu
A10049;regular;2;0;0;0;0.0;0;0;1;48.0;48.0;0.0;1;1;1;1.0;0;0;0.0;1.0;0.8116710875331565;2;payment;completed;36.0;0.0;0.4465;Low;None;0.0;0.1201;0.0;0.0;0.0;0.0;0.0;0;0;0.6061;0.5992;0.751;"{""ddc"": 0.062, ""z"": 0.062, ""arm"": 0.062, ""br"": 0.815}";;;No significant deviations detected;2;stable_baseline;threshold_calibration_and_evaluation;0.5353;anomaly_score_pr_max_f1;full_dataset;regular;0.0;0.0;0;regular;regular;0.3333;static_dc_score_score_distribution_otsu;0.8609;single_arm_score_score_distribution_otsu
A10050;deviant;4;0;0;0;0.0;0;1;0;5112.0;3048.0;1233.3758551228414;1;1;1;1.0;0;0;0.0;1.0;0.8116710875331565;4;add penalty;running;27.5;9.75;0.5747;Low;None;0.0;0.1025;0.0;0.1667;0.0;0.0;0.0;0;0;0.6061;0.5988;0.7527;"{""ddc"": 0.062, ""z"": 0.062, ""arm"": 0.062, ""br"": 0.815}";;;No significant deviations detected;2;stable_baseline;threshold_calibration_and_evaluation;0.5353;anomaly_score_pr_max_f1;full_dataset;deviant;0.0;0.0;0;regular;regular;0.3333;static_dc_score_score_distribution_otsu;0.8609;single_arm_score_score_distribution_otsu
A10056;regular;2;0;0;0;0.0;0;0;1;240.0;240.0;0.0;1;1;1;1.0;0;0;0.0;1.0;0.8488063660477454;2;payment;completed;36.0;0.0;0.4501;Low;None;0.0;0.1141;0.0;0.0;0.0;0.0;0.0;0;0;0.606;0.5984;0.7076;"{""ddc"": 0.062, ""z"": 0.062, ""arm"": 0.062, ""br"": 0.815}";;;No significant deviations detected;2;stable_baseline;threshold_calibration_and_evaluation;0.5353;anomaly_score_pr_max_f1;full_dataset;regular;0.0;0.0;0;regular;regular;0.3333;static_dc_score_score_distribution_otsu;0.8609;single_arm_score_score_distribution_otsu
A10059;regular;2;0;0;0;0.0;0;0;1;984.0;984.0;0.0;1;1;1;1.0;0;0;0.0;1.0;0.8488063660477454;2;payment;completed;36.0;0.0;0.4643;Low;None;0.0;0.0912;0.0;0.0;0.0;0.0;0.0;0;0;0.6059;0.598;0.5465;"{""ddc"": 0.062, ""z"": 0.062, ""arm"": 0.062, ""br"": 0.815}";;;No significant deviations detected;2;stable_baseline;threshold_calibration_and_evaluation;0.5353;anomaly_score_pr_max_f1;full_dataset;regular;0.0;0.0;0;regular;regular;0.3333;static_dc_score_score_distribution_otsu;0.8609;single_arm_score_score_distribution_otsu
A1006;regular;2;0;0;0;0.0;0;0;1;840.0;840.0;0.0;1;1;1;1.0;0;0;0.0;1.0;0.9151193633952255;2;payment;completed;21.0;0.0;0.3808;Low;None;0.0833;0.1697;0.0;0.0;0.0;0.0;0.0;2;0;0.6059;0.5977;1.1889;"{""ddc"": 0.062, ""z"": 0.062, ""arm"": 0.062, ""br"": 0.815}";"DDC_PCTL:amount; DDC_EWMA_LOW:amount";;"DDC violations: DDC_PCTL:amount; DDC_EWMA_LOW:amount | High z-score: amount (z=2.03)";2;stable_baseline;threshold_calibration_and_evaluation;0.5353;anomaly_score_pr_max_f1;full_dataset;regular;0.0;0.0;0;regular;regular;0.3333;static_dc_score_score_distribution_otsu;0.8609;single_arm_score_score_distribution_otsu
A10060;regular;2;0;0;0;0.0;0;0;1;120.0;120.0;0.0;1;1;1;1.0;0;0;0.0;1.0;0.8488063660477454;2;payment;completed;36.0;0.0;0.4479;Low;None;0.0;0.1179;0.0;0.0;0.0;0.0;0.0;0;0;0.6058;0.5975;0.7347;"{""ddc"": 0.062, ""z"": 0.062, ""arm"": 0.062, ""br"": 0.815}";;;No significant deviations detected;2;stable_baseline;threshold_calibration_and_evaluation;0.5353;anomaly_score_pr_max_f1;full_dataset;regular;0.0;0.0;0;regular;regular;0.3333;static_dc_score_score_distribution_otsu;0.8609;single_arm_score_score_distribution_otsu
A10061;regular;5;0;0;0;0.0;0;1;1;13608.0;8640.0;3672.464022968775;1;1;1;1.0;0;0;0.0;1.0;0.8488063660477454;5;payment;completed;51.2;10.4;0.3823;Low;Temporal;0.1667;0.2979;0.0;0.1667;0.0;0.9828;0.0;4;0;0.6058;0.5972;1.9577;"{""ddc"": 0.062, ""z"": 0.062, ""arm"": 0.062, ""br"": 0.815}";"DDC_PCTL:temp_total_hrs; DDC_Z:temp_max_step_hrs; DDC_PCTL:temp_max_step_hrs; DDC_PCTL:temp_std_step_hrs";;"DDC violations: DDC_PCTL:temp_total_hrs; DDC_Z:temp_max_step_hrs; DDC_PCTL:temp_max_step_hrs | High z-score: temp_max_step_hrs (z=2.52)";2;stable_baseline;threshold_calibration_and_evaluation;0.5353;anomaly_score_pr_max_f1;full_dataset;regular;0.3333;0.0;0;deviant;regular;0.3333;static_dc_score_score_distribution_otsu;0.8609;single_arm_score_score_distribution_otsu
A10063;deviant;4;0;0;0;0.0;0;1;0;4728.0;3144.0;1504.6168947609222;1;1;1;1.0;0;0;0.0;1.0;0.8488063660477454;4;add penalty;running;45.5;9.75;0.6003;Medium;None;0.0;0.0601;0.0;0.1667;0.0;0.0;0.0;0;0;0.6057;0.5977;0.3622;"{""ddc"": 0.062, ""z"": 0.062, ""arm"": 0.062, ""br"": 0.815}";;;No significant deviations detected;2;stable_baseline;threshold_calibration_and_evaluation;0.5353;anomaly_score_pr_max_f1;full_dataset;deviant;0.0;0.0;0;regular;regular;0.3333;static_dc_score_score_distribution_otsu;0.8609;single_arm_score_score_distribution_otsu
A10067;deviant;4;0;0;0;0.0;0;1;0;4704.0;3120.0;1492.1233193003854;1;1;1;1.0;0;0;0.0;1.0;0.8488063660477454;4;add penalty;running;45.5;9.75;0.6007;Medium;None;0.0;0.0594;0.0;0.1667;0.0;0.0;0.0;0;0;0.6057;0.5987;0.3588;"{""ddc"": 0.062, ""z"": 0.062, ""arm"": 0.062, ""br"": 0.815}";;;No significant deviations detected;2;candidate_anomaly;threshold_calibration_and_evaluation;0.5353;anomaly_score_pr_max_f1;full_dataset;deviant;0.0;0.0;0;regular;regular;0.3333;static_dc_score_score_distribution_otsu;0.8609;single_arm_score_score_distribution_otsu
A10068;deviant;4;0;0;0;0.0;0;1;0;4944.0;3120.0;1379.8086823904248;1;1;1;1.0;0;0;0.0;1.0;0.8488063660477454;4;add penalty;running;45.5;9.75;0.599;Low;None;0.0;0.0622;0.0;0.1667;0.0;0.0;0.0;0;0;0.6056;0.5991;0.3707;"{""ddc"": 0.062, ""z"": 0.062, ""arm"": 0.062, ""br"": 0.815}";;;No significant deviations detected;2;stable_baseline;threshold_calibration_and_evaluation;0.5353;anomaly_score_pr_max_f1;full_dataset;deviant;0.0;0.0;0;regular;regular;0.3333;static_dc_score_score_distribution_otsu;0.8609;single_arm_score_score_distribution_otsu
A10069;regular;5;0;0;0;0.0;0;1;1;13704.0;8880.0;3820.217794838404;1;1;1;1.0;0;0;0.0;1.0;0.8488063660477454;5;payment;completed;51.2;10.4;0.3617;Low;Temporal;0.2083;0.3036;0.0;0.1667;0.0;0.9934;0.0;5;0;0.6056;0.599;2.001;"{""ddc"": 0.062, ""z"": 0.062, ""arm"": 0.062, ""br"": 0.815}";"DDC_PCTL:temp_total_hrs; DDC_Z:temp_max_step_hrs; DDC_PCTL:temp_max_step_hrs; DDC_Z:temp_std_step_hrs; DDC_PCTL:temp_std_step_hrs";;"DDC violations: DDC_PCTL:temp_total_hrs; DDC_Z:temp_max_step_hrs; DDC_PCTL:temp_max_step_hrs | High z-score: temp_max_step_hrs (z=2.62)";2;stable_baseline;threshold_calibration_and_evaluation;0.5353;anomaly_score_pr_max_f1;full_dataset;regular;0.3333;0.0;0;deviant;regular;0.3333;static_dc_score_score_distribution_otsu;0.8609;single_arm_score_score_distribution_otsu
A1007;regular;5;0;0;0;0.0;0;1;1;11016.0;6408.0;2578.511198346829;1;1;1;1.0;0;0;0.0;1.0;0.9151193633952255;5;payment;completed;29.6;8.8;0.4987;Low;None;0.0;0.2259;0.0;0.1667;0.0;0.0;0.0;0;0;0.6055;0.5987;1.428;"{""ddc"": 0.062, ""z"": 0.062, ""arm"": 0.062, ""br"": 0.815}";;;No significant deviations detected;2;stable_baseline;threshold_calibration_and_evaluation;0.5353;anomaly_score_pr_max_f1;full_dataset;regular;0.3333;0.0;0;deviant;regular;0.3333;static_dc_score_score_distribution_otsu;0.8609;single_arm_score_score_distribution_otsu
A10071;deviant;4;0;0;0;0.0;0;1;0;4944.0;3120.0;1379.8086823904248;1;1;1;1.0;0;0;0.0;1.0;0.8488063660477454;4;add penalty;running;45.5;9.75;0.599;Medium;None;0.0;0.0622;0.0;0.1667;0.0;0.0;0.0;0;0;0.6055;0.599;0.3707;"{""ddc"": 0.062, ""z"": 0.062, ""arm"": 0.062, ""br"": 0.815}";;;No significant deviations detected;2;stable_baseline;threshold_calibration_and_evaluation;0.5353;anomaly_score_pr_max_f1;full_dataset;deviant;0.0;0.0;0;regular;regular;0.3333;static_dc_score_score_distribution_otsu;0.8609;single_arm_score_score_distribution_otsu
A10075;deviant;4;0;0;0;0.0;0;1;0;4656.0;3072.0;1467.2095964789762;1;1;1;1.0;0;0;0.0;1.0;0.8488063660477454;4;add penalty;running;45.5;9.75;0.6016;Medium;None;0.0;0.0579;0.0;0.1667;0.0;0.0;0.0;0;0;0.6055;0.5991;0.3521;"{""ddc"": 0.062, ""z"": 0.062, ""arm"": 0.062, ""br"": 0.815}";;;No significant deviations detected;2;candidate_anomaly;threshold_calibration_and_evaluation;0.5353;anomaly_score_pr_max_f1;full_dataset;deviant;0.0;0.0;0;regular;regular;0.3333;static_dc_score_score_distribution_otsu;0.8609;single_arm_score_score_distribution_otsu
A10076;regular;2;0;0;0;0.0;0;0;1;24.0;24.0;0.0;1;1;1;1.0;0;0;0.0;1.0;0.8488063660477454;2;payment;completed;36.0;0.0;0.446;Low;None;0.0;0.1208;0.0;0.0;0.0;0.0;0.0;0;0;0.6055;0.599;0.7565;"{""ddc"": 0.062, ""z"": 0.062, ""arm"": 0.062, ""br"": 0.815}";;;No significant deviations detected;2;stable_baseline;threshold_calibration_and_evaluation;0.5353;anomaly_score_pr_max_f1;full_dataset;regular;0.0;0.0;0;regular;regular;0.3333;static_dc_score_score_distribution_otsu;0.8609;single_arm_score_score_distribution_otsu
A10078;regular;2;0;0;0;0.0;0;0;1;240.0;240.0;0.0;1;1;1;1.0;0;0;0.0;1.0;0.8488063660477454;2;payment;completed;36.0;0.0;0.4501;Low;None;0.0;0.1141;0.0;0.0;0.0;0.0;0.0;0;0;0.6055;0.599;0.7076;"{""ddc"": 0.062, ""z"": 0.062, ""arm"": 0.062, ""br"": 0.815}";;;No significant deviations detected;2;stable_baseline;threshold_calibration_and_evaluation;0.5353;anomaly_score_pr_max_f1;full_dataset;regular;0.0;0.0;0;regular;regular;0.3333;static_dc_score_score_distribution_otsu;0.8609;single_arm_score_score_distribution_otsu
A10079;deviant;4;0;0;0;0.0;0;1;0;4680.0;3072.0;1455.714257675592;1;1;1;1.0;0;0;0.0;1.0;0.8488063660477454;4;add penalty;running;45.5;9.75;0.6014;Medium;None;0.0;0.0582;0.0;0.1667;0.0;0.0;0.0;0;0;0.6055;0.5991;0.3531;"{""ddc"": 0.062, ""z"": 0.062, ""arm"": 0.062, ""br"": 0.815}";;;No significant deviations detected;2;candidate_anomaly;threshold_calibration_and_evaluation;0.5353;anomaly_score_pr_max_f1;full_dataset;deviant;0.0;0.0;0;regular;regular;0.3333;static_dc_score_score_distribution_otsu;0.8609;single_arm_score_score_distribution_otsu
A10082;regular;2;0;0;0;0.0;0;0;1;0.0;0.0;0.0;1;1;1;1.0;0;0;0.0;1.0;0.8488063660477454;2;payment;completed;36.0;0.0;0.4456;Low;None;0.0;0.1216;0.0;0.0;0.0;0.0;0.0;0;0;0.6054;0.599;0.7619;"{""ddc"": 0.062, ""z"": 0.062, ""arm"": 0.062, ""br"": 0.815}";;;No significant deviations detected;2;stable_baseline;threshold_calibration_and_evaluation;0.5353;anomaly_score_pr_max_f1;full_dataset;regular;0.0;0.0;0;regular;regular;0.3333;static_dc_score_score_distribution_otsu;0.8609;single_arm_score_score_distribution_otsu
A10083;deviant;4;0;0;0;0.0;0;1;0;4896.0;3072.0;1354.246654047925;1;1;1;1.0;0;0;0.0;1.0;0.8488063660477454;4;add penalty;running;45.5;9.75;0.5999;Medium;None;0.0;0.0607;0.0;0.1667;0.0;0.0;0.0;0;0;0.6054;0.5991;0.3637;"{""ddc"": 0.062, ""z"": 0.062, ""arm"": 0.062, ""br"": 0.815}";;;No significant deviations detected;2;stable_baseline;threshold_calibration_and_evaluation;0.5353;anomaly_score_pr_max_f1;full_dataset;deviant;0.0;0.0;0;regular;regular;0.3333;static_dc_score_score_distribution_otsu;0.8609;single_arm_score_score_distribution_otsu
A10085;regular;2;0;0;0;0.0;0;0;1;48.0;48.0;0.0;1;1;1;1.0;0;0;0.0;1.0;0.8488063660477454;2;payment;completed;36.0;0.0;0.4465;Low;None;0.0;0.1201;0.0;0.0;0.0;0.0;0.0;0;0;0.6054;0.5991;0.751;"{""ddc"": 0.062, ""z"": 0.062, ""arm"": 0.062, ""br"": 0.815}";;;No significant deviations detected;2;stable_baseline;threshold_calibration_and_evaluation;0.5353;anomaly_score_pr_max_f1;full_dataset;regular;0.0;0.0;0;regular;regular;0.3333;static_dc_score_score_distribution_otsu;0.8609;single_arm_score_score_distribution_otsu
A10089;regular;2;0;0;0;0.0;0;0;1;24.0;24.0;0.0;1;1;1;1.0;0;0;0.0;1.0;0.8488063660477454;2;payment;completed;36.0;0.0;0.446;Low;None;0.0;0.1208;0.0;0.0;0.0;0.0;0.0;0;0;0.6054;0.599;0.7565;"{""ddc"": 0.062, ""z"": 0.062, ""arm"": 0.062, ""br"": 0.815}";;;No significant deviations detected;2;stable_baseline;threshold_calibration_and_evaluation;0.5353;anomaly_score_pr_max_f1;full_dataset;regular;0.0;0.0;0;regular;regular;0.3333;static_dc_score_score_distribution_otsu;0.8609;single_arm_score_score_distribution_otsu
A1009;deviant;4;0;0;0;0.0;0;1;0;4440.0;2592.0;1092.5493123882327;1;1;1;1.0;0;0;0.0;1.0;0.9151193633952255;4;add penalty;running;26.375;8.25;0.5814;Low;None;0.0;0.0915;0.0;0.1667;0.0;0.0;0.0;0;0;0.6052;0.599;0.7676;"{""ddc"": 0.062, ""z"": 0.062, ""arm"": 0.062, ""br"": 0.815}";;;No significant deviations detected;2;stable_baseline;threshold_calibration_and_evaluation;0.5353;anomaly_score_pr_max_f1;full_dataset;deviant;0.0;0.0;0;regular;regular;0.3333;static_dc_score_score_distribution_otsu;0.8609;single_arm_score_score_distribution_otsu
A10090;deviant;4;0;0;0;0.0;0;1;0;4656.0;3072.0;1467.2095964789762;1;1;1;1.0;0;0;0.0;1.0;0.8488063660477454;4;add penalty;running;45.5;9.75;0.6016;Medium;None;0.0;0.0579;0.0;0.1667;0.0;0.0;0.0;0;0;0.6051;0.5991;0.3521;"{""ddc"": 0.062, ""z"": 0.062, ""arm"": 0.062, ""br"": 0.815}";;;No significant deviations detected;2;candidate_anomaly;threshold_calibration_and_evaluation;0.5353;anomaly_score_pr_max_f1;full_dataset;deviant;0.0;0.0;0;regular;regular;0.3333;static_dc_score_score_distribution_otsu;0.8609;single_arm_score_score_distribution_otsu
A10091;regular;2;0;0;0;0.0;0;0;1;48.0;48.0;0.0;1;1;1;1.0;0;0;0.0;1.0;0.8488063660477454;2;payment;completed;36.0;0.0;0.4465;Low;None;0.0;0.1201;0.0;0.0;0.0;0.0;0.0;0;0;0.6049;0.5991;0.751;"{""ddc"": 0.062, ""z"": 0.062, ""arm"": 0.062, ""br"": 0.815}";;;No significant deviations detected;2;stable_baseline;threshold_calibration_and_evaluation;0.5353;anomaly_score_pr_max_f1;full_dataset;regular;0.0;0.0;0;regular;regular;0.3333;static_dc_score_score_distribution_otsu;0.8609;single_arm_score_score_distribution_otsu
A10092;regular;2;0;0;0;0.0;0;0;1;0.0;0.0;0.0;1;1;1;1.0;0;0;0.0;1.0;0.8488063660477454;2;create fine;completed;22.0;0.0;0.386;Low;None;0.0417;0.1908;0.0;0.0;0.0;0.0;0.0;1;0;0.6048;0.599;1.2504;"{""ddc"": 0.062, ""z"": 0.062, ""arm"": 0.062, ""br"": 0.815}";DDC_PCTL:amount;;DDC violations: DDC_PCTL:amount;2;stable_baseline;threshold_calibration_and_evaluation;0.5353;anomaly_score_pr_max_f1;full_dataset;regular;0.0;0.0;0;regular;regular;0.3333;static_dc_score_score_distribution_otsu;0.8609;single_arm_score_score_distribution_otsu
A10095;deviant;4;0;0;0;0.0;0;1;0;4656.0;3072.0;1467.2095964789762;1;1;1;1.0;0;0;0.0;1.0;0.8488063660477454;4;add penalty;running;45.5;9.75;0.6016;Medium;None;0.0;0.0579;0.0;0.1667;0.0;0.0;0.0;0;0;0.6046;0.5991;0.3521;"{""ddc"": 0.062, ""z"": 0.062, ""arm"": 0.062, ""br"": 0.815}";;;No significant deviations detected;2;candidate_anomaly;threshold_calibration_and_evaluation;0.5353;anomaly_score_pr_max_f1;full_dataset;deviant;0.0;0.0;0;regular;regular;0.3333;static_dc_score_score_distribution_otsu;0.8609;single_arm_score_score_distribution_otsu
A10097;regular;5;0;0;0;0.0;0;1;1;4656.0;3072.0;1427.3443873151286;1;1;1;1.0;0;0;0.0;1.0;0.8488063660477454;5;add penalty;completed;51.2;10.4;0.3178;Low;None;0.0;0.0861;0.7827;0.0;0.0;0.0;0.0;0;1;0.6045;0.5991;0.6224;"{""ddc"": 0.062, ""z"": 0.062, ""arm"": 0.062, ""br"": 0.815}";;CF_has_payment + CF_has_penalty => TEMP_variable;MV-ARM violation: CF_has_payment + CF_has_penalty => TEMP_variable missing expected consequent;2;stable_baseline;threshold_calibration_and_evaluation;0.5353;anomaly_score_pr_max_f1;full_dataset;regular;0.0;0.0;0;regular;regular;0.3333;static_dc_score_score_distribution_otsu;0.8609;single_arm_score_score_distribution_otsu
A10099;regular;2;0;0;0;0.0;0;0;1;264.0;264.0;0.0;1;1;1;1.0;0;0;0.0;1.0;0.8488063660477454;2;payment;completed;36.0;0.0;0.4506;Low;None;0.0;0.1134;0.0;0.0;0.0;0.0;0.0;0;0;0.6043;0.599;0.7023;"{""ddc"": 0.062, ""z"": 0.062, ""arm"": 0.062, ""br"": 0.815}";;;No significant deviations detected;2;stable_baseline;threshold_calibration_and_evaluation;0.5353;anomaly_score_pr_max_f1;full_dataset;regular;0.0;0.0;0;regular;regular;0.3333;static_dc_score_score_distribution_otsu;0.8609;single_arm_score_score_distribution_otsu
A10101;deviant;4;0;0;0;0.0;0;1;0;4392.0;2736.0;1260.1714169112074;1;1;1;1.0;0;0;0.0;1.0;0.8169761273209549;4;add penalty;running;45.5;9.75;0.6073;High;None;0.0;0.0483;0.0;0.1667;0.0;0.0;0.0;0;0;0.6054;0.5991;0.3159;"{""ddc"": 0.062, ""z"": 0.062, ""arm"": 0.062, ""br"": 0.815}";;;No significant deviations detected;2;candidate_anomaly;threshold_calibration_and_evaluation;0.5353;anomaly_score_pr_max_f1;full_dataset;deviant;0.0;0.0;0;regular;regular;0.3333;static_dc_score_score_distribution_otsu;0.8609;single_arm_score_score_distribution_otsu
A10102;regular;6;2;0;0;0.4;1;1;0;5616.0;2736.0;1059.4579746266484;1;1;1;1.0;0;0;0.0;1.0;0.8169761273209549;6;send appeal to prefecture;running;55.0;10.833333333333334;0.5223;Low;Control-Flow;0.4583;0.2409;0.0;0.5;0.4857;0.0;0.0;11;0;0.6054;0.5991;1.7621;"{""ddc"": 0.062, ""z"": 0.062, ""arm"": 0.062, ""br"": 0.815}";"DDC_Z:cf_seq_violations; DDC_IQR:cf_seq_violations; DDC_PCTL:cf_seq_violations; DDC_EWMA_HIGH:cf_seq_violations; DDC_Z:cf_wrong_order_ratio; DDC_IQR:cf_wrong_order_ratio; DDC_PCTL:cf_wrong_order_ratio; DDC_EWMA_HIGH:cf_wrong_order_ratio";;"DDC violations: DDC_Z:cf_seq_violations; DDC_IQR:cf_seq_violations; DDC_PCTL:cf_seq_violations | High z-score: cf_seq_violations (z=2.95)";2;candidate_anomaly;threshold_calibration_and_evaluation;0.5353;anomaly_score_pr_max_f1;full_dataset;deviant;0.1111;0.8609;9;regular;deviant;0.3333;static_dc_score_score_distribution_otsu;0.8609;single_arm_score_score_distribution_otsu
A10104;regular;2;0;0;0;0.0;0;0;1;0.0;0.0;0.0;1;1;1;1.0;0;0;0.0;1.0;0.8169761273209549;2;create fine;completed;36.0;0.0;0.4456;Low;None;0.0;0.1216;0.0;0.0;0.0;0.0;0.0;0;0;0.6054;0.599;0.7619;"{""ddc"": 0.062, ""z"": 0.062, ""arm"": 0.062, ""br"": 0.815}";;;No significant deviations detected;2;stable_baseline;threshold_calibration_and_evaluation;0.5353;anomaly_score_pr_max_f1;full_dataset;regular;0.0;0.0;0;regular;regular;0.3333;static_dc_score_score_distribution_otsu;0.8609;single_arm_score_score_distribution_otsu
A10106;deviant;4;0;0;0;0.0;0;1;0;4824.0;3192.0;1507.0394818982015;1;1;1;1.0;0;0;0.0;1.0;0.8169761273209549;4;add penalty;running;45.5;9.75;0.5991;Medium;None;0.0;0.0622;0.0;0.1667;0.0;0.0;0.0;0;0;0.6052;0.599;0.3716;"{""ddc"": 0.062, ""z"": 0.062, ""arm"": 0.062, ""br"": 0.815}";;;No significant deviations detected;2;stable_baseline;threshold_calibration_and_evaluation;0.5353;anomaly_score_pr_max_f1;full_dataset;deviant;0.0;0.0;0;regular;regular;0.3333;static_dc_score_score_distribution_otsu;0.8609;single_arm_score_score_distribution_otsu
A10107;regular;6;3;0;0;0.6;1;1;0;4848.0;3192.0;1373.0013838303296;1;1;1;1.0;0;0;0.0;1.0;0.8169761273209549;6;add penalty;running;48.666666666666664;10.833333333333334;0.5588;Low;Control-Flow;0.4167;0.2115;0.0;0.5;0.5143;0.0;0.0;10;0;0.6051;0.599;2.3809;"{""ddc"": 0.062, ""z"": 0.062, ""arm"": 0.062, ""br"": 0.815}";"DDC_Z:cf_seq_violations; DDC_IQR:cf_seq_violations; DDC_PCTL:cf_seq_violations; DDC_EWMA_HIGH:cf_seq_violations; DDC_Z:cf_wrong_order_ratio; DDC_IQR:cf_wrong_order_ratio; DDC_PCTL:cf_wrong_order_ratio; DDC_EWMA_HIGH:cf_wrong_order_ratio";;"DDC violations: DDC_Z:cf_seq_violations; DDC_IQR:cf_seq_violations; DDC_PCTL:cf_seq_violations | High z-score: cf_seq_violations (z=4.53)";2;candidate_anomaly;threshold_calibration_and_evaluation;0.5353;anomaly_score_pr_max_f1;full_dataset;deviant;0.1111;0.8609;9;regular;deviant;0.3333;static_dc_score_score_distribution_otsu;0.8609;single_arm_score_score_distribution_otsu
A10108;regular;2;0;0;0;0.0;0;0;1;408.0;408.0;0.0;1;1;1;1.0;0;0;0.0;1.0;0.8169761273209549;2;payment;completed;36.0;0.0;0.4533;Low;None;0.0;0.109;0.0;0.0;0.0;0.0;0.0;0;0;0.6049;0.599;0.6701;"{""ddc"": 0.062, ""z"": 0.062, ""arm"": 0.062, ""br"": 0.815}";;;No significant deviations detected;2;stable_baseline;threshold_calibration_and_evaluation;0.5353;anomaly_score_pr_max_f1;full_dataset;regular;0.0;0.0;0;regular;regular;0.3333;static_dc_score_score_distribution_otsu;0.8609;single_arm_score_score_distribution_otsu
A10112;regular;2;0;0;0;0.0;0;0;1;216.0;216.0;0.0;1;1;1;1.0;0;0;0.0;1.0;0.8169761273209549;2;payment;completed;36.0;0.0;0.4497;Low;None;0.0;0.1149;0.0;0.0;0.0;0.0;0.0;0;0;0.6048;0.599;0.713;"{""ddc"": 0.062, ""z"": 0.062, ""arm"": 0.062, ""br"": 0.815}";;;No significant deviations detected;2;stable_baseline;threshold_calibration_and_evaluation;0.5353;anomaly_score_pr_max_f1;full_dataset;regular;0.0;0.0;0;regular;regular;0.3333;static_dc_score_score_distribution_otsu;0.8609;single_arm_score_score_distribution_otsu
A10113;regular;2;0;0;0;0.0;0;0;1;24.0;24.0;0.0;1;1;1;1.0;0;0;0.0;1.0;0.8169761273209549;2;payment;completed;36.0;0.0;0.446;Low;None;0.0;0.1208;0.0;0.0;0.0;0.0;0.0;0;0;0.6046;0.599;0.7565;"{""ddc"": 0.062, ""z"": 0.062, ""arm"": 0.062, ""br"": 0.815}";;;No significant deviations detected;2;stable_baseline;threshold_calibration_and_evaluation;0.5353;anomaly_score_pr_max_f1;full_dataset;regular;0.0;0.0;0;regular;regular;0.3333;static_dc_score_score_distribution_otsu;0.8609;single_arm_score_score_distribution_otsu
A10115;deviant;4;0;0;0;0.0;0;1;0;5016.0;3168.0;1394.5493895879056;1;1;1;1.0;0;0;0.0;1.0;0.8169761273209549;4;add penalty;running;45.5;9.75;0.598;Low;None;0.0;0.064;0.0;0.1667;0.0;0.0;0.0;0;0;0.6045;0.599;0.3793;"{""ddc"": 0.062, ""z"": 0.062, ""arm"": 0.062, ""br"": 0.815}";;;No significant deviations detected;2;stable_baseline;threshold_calibration_and_evaluation;0.5353;anomaly_score_pr_max_f1;full_dataset;deviant;0.0;0.0;0;regular;regular;0.3333;static_dc_score_score_distribution_otsu;0.8609;single_arm_score_score_distribution_otsu
A10120;regular;6;1;0;0;0.2;0;1;1;5808.0;3144.0;1245.9906901738873;1;1;1;1.0;0;0;0.0;1.0;0.8169761273209549;6;payment;completed;55.0;10.833333333333334;0.2171;Low;Control-Flow;0.1667;0.1759;0.7827;0.0;0.2514;0.0;0.0;4;1;0.6043;0.5989;1.132;"{""ddc"": 0.062, ""z"": 0.062, ""arm"": 0.062, ""br"": 0.815}";"DDC_IQR:cf_seq_violations; DDC_IQR:cf_wrong_order_ratio; DDC_PCTL:amount; DDC_CF:wrong_order_transition";CF_has_payment + CF_has_penalty => TEMP_variable;"DDC violations: DDC_IQR:cf_seq_violations; DDC_IQR:cf_wrong_order_ratio; DDC_PCTL:amount | MV-ARM violation: CF_has_payment + CF_has_penalty => TEMP_variable missing expected consequent";2;stable_baseline;threshold_calibration_and_evaluation;0.5353;anomaly_score_pr_max_f1;full_dataset;regular;0.1111;0.0;0;regular;regular;0.3333;static_dc_score_score_distribution_otsu;0.8609;single_arm_score_score_distribution_otsu
A10121;deviant;4;0;0;0;0.0;0;1;0;4776.0;3144.0;1481.8582928202009;1;1;1;1.0;0;0;0.0;1.0;0.8169761273209549;4;add penalty;running;45.5;9.75;0.5999;Medium;None;0.0;0.0607;0.0;0.1667;0.0;0.0;0.0;0;0;0.6042;0.599;0.3644;"{""ddc"": 0.062, ""z"": 0.062, ""arm"": 0.062, ""br"": 0.815}";;;No significant deviations detected;2;stable_baseline;threshold_calibration_and_evaluation;0.5353;anomaly_score_pr_max_f1;full_dataset;deviant;0.0;0.0;0;regular;regular;0.3333;static_dc_score_score_distribution_otsu;0.8609;single_arm_score_score_distribution_otsu
A10122;regular;5;0;0;0;0.0;0;1;1;13584.0;8640.0;3673.045602766184;1;1;1;1.0;0;0;0.0;1.0;0.8169761273209548;5;payment;completed;51.2;10.4;0.4001;Low;Temporal;0.125;0.2976;0.0;0.1667;0.0;0.6594;0.0;3;0;0.604;0.599;1.9556;"{""ddc"": 0.062, ""z"": 0.062, ""arm"": 0.062, ""br"": 0.815}";"DDC_Z:temp_max_step_hrs; DDC_PCTL:temp_max_step_hrs; DDC_PCTL:temp_std_step_hrs";;"DDC violations: DDC_Z:temp_max_step_hrs; DDC_PCTL:temp_max_step_hrs; DDC_PCTL:temp_std_step_hrs | High z-score: temp_max_step_hrs (z=2.52)";2;stable_baseline;threshold_calibration_and_evaluation;0.5353;anomaly_score_pr_max_f1;full_dataset;regular;0.3333;0.0;0;deviant;regular;0.3333;static_dc_score_score_distribution_otsu;0.8609;single_arm_score_score_distribution_otsu
A10124;regular;2;0;0;0;0.0;0;0;1;72.0;72.0;0.0;1;1;1;1.0;0;0;0.0;1.0;0.8169761273209549;2;payment;completed;36.0;0.0;0.447;Low;None;0.0;0.1193;0.0;0.0;0.0;0.0;0.0;0;0;0.6039;0.599;0.7456;"{""ddc"": 0.062, ""z"": 0.062, ""arm"": 0.062, ""br"": 0.815}";;;No significant deviations detected;2;stable_baseline;threshold_calibration_and_evaluation;0.5353;anomaly_score_pr_max_f1;full_dataset;regular;0.0;0.0;0;regular;regular;0.3333;static_dc_score_score_distribution_otsu;0.8609;single_arm_score_score_distribution_otsu
A10125;regular;7;4;0;0;0.6666666666666666;1;1;1;4752.0;3096.0;1188.4241667014348;1;1;1;1.0;0;0;0.0;1.0;0.8169761273209549;7;send appeal to prefecture;completed;46.857142857142854;11.142857142857142;0.1774;Low;Control-Flow;0.5417;0.1996;0.7827;0.1667;0.6667;0.0;0.0;13;1;0.6037;0.5987;3.1227;"{""ddc"": 0.062, ""z"": 0.062, ""arm"": 0.062, ""br"": 0.815}";"DDC_Z:cf_n_events; DDC_PCTL:cf_n_events; DDC_EWMA_HIGH:cf_n_events; DDC_Z:cf_seq_violations; DDC_IQR:cf_seq_violations; DDC_PCTL:cf_seq_violations; DDC_EWMA_HIGH:cf_seq_violations; DDC_Z:cf_wrong_order_ratio";CF_has_payment + CF_has_penalty => TEMP_variable;"DDC violations: DDC_Z:cf_n_events; DDC_PCTL:cf_n_events; DDC_EWMA_HIGH:cf_n_events | High z-score: cf_seq_violations (z=6.11) | MV-ARM violation: CF_has_payment + CF_has_penalty => TEMP_variable missing expected consequent";2;stable_baseline;threshold_calibration_and_evaluation;0.5353;anomaly_score_pr_max_f1;full_dataset;regular;0.1111;0.0;0;regular;regular;0.3333;static_dc_score_score_distribution_otsu;0.8609;single_arm_score_score_distribution_otsu
A10126;deviant;4;0;0;0;0.0;0;1;0;4992.0;3096.0;1334.178398865759;1;1;1;1.0;0;0;0.0;1.0;0.8169761273209549;4;add penalty;running;45.5;9.75;0.599;Low;None;0.0;0.0623;0.0;0.1667;0.0;0.0;0.0;0;0;0.6034;0.599;0.3712;"{""ddc"": 0.062, ""z"": 0.062, ""arm"": 0.062, ""br"": 0.815}";;;No significant deviations detected;2;stable_baseline;threshold_calibration_and_evaluation;0.5353;anomaly_score_pr_max_f1;full_dataset;deviant;0.0;0.0;0;regular;regular;0.3333;static_dc_score_score_distribution_otsu;0.8609;single_arm_score_score_distribution_otsu
A10127;deviant;4;0;0;0;0.0;0;1;0;4992.0;3096.0;1334.178398865759;1;1;1;1.0;0;0;0.0;1.0;0.8169761273209549;4;add penalty;running;45.5;9.75;0.599;Low;None;0.0;0.0623;0.0;0.1667;0.0;0.0;0.0;0;0;0.6032;0.599;0.3712;"{""ddc"": 0.062, ""z"": 0.062, ""arm"": 0.062, ""br"": 0.815}";;;No significant deviations detected;2;stable_baseline;threshold_calibration_and_evaluation;0.5353;anomaly_score_pr_max_f1;full_dataset;deviant;0.0;0.0;0;regular;regular;0.3333;static_dc_score_score_distribution_otsu;0.8609;single_arm_score_score_distribution_otsu
A1013;deviant;4;0;0;0;0.0;0;1;0;4344.0;2376.0;924.0259736609139;1;1;1;1.0;0;0;0.0;1.0;0.9151193633952255;4;add penalty;running;26.375;8.25;0.5846;Low;None;0.0;0.0862;0.0;0.1667;0.0;0.0;0.0;0;0;0.603;0.599;0.7581;"{""ddc"": 0.062, ""z"": 0.062, ""arm"": 0.062, ""br"": 0.815}";;;No significant deviations detected;2;stable_baseline;threshold_calibration_and_evaluation;0.5353;anomaly_score_pr_max_f1;full_dataset;deviant;0.0;0.0;0;regular;regular;0.3333;static_dc_score_score_distribution_otsu;0.8609;single_arm_score_score_distribution_otsu
A10130;regular;5;0;0;0;0.0;0;1;1;14424.0;9696.0;4230.648177289149;1;1;1;1.0;0;0;0.0;1.0;0.8169761273209548;5;payment;completed;51.2;10.4;0.2843;Low;Temporal;0.375;0.3277;0.0;0.1667;0.0;1.0;0.0;9;0;0.6027;0.599;2.1836;"{""ddc"": 0.062, ""z"": 0.062, ""arm"": 0.062, ""br"": 0.815}";"DDC_Z:temp_total_hrs; DDC_PCTL:temp_total_hrs; DDC_Z:temp_max_step_hrs; DDC_IQR:temp_max_step_hrs; DDC_PCTL:temp_max_step_hrs; DDC_EWMA_HIGH:temp_max_step_hrs; DDC_Z:temp_std_step_hrs; DDC_PCTL:temp_std_step_hrs";;"DDC violations: DDC_Z:temp_total_hrs; DDC_PCTL:temp_total_hrs; DDC_Z:temp_max_step_hrs | High z-score: temp_max_step_hrs (z=2.95)";2;stable_baseline;threshold_calibration_and_evaluation;0.5353;anomaly_score_pr_max_f1;full_dataset;regular;0.3333;0.0;0;deviant;regular;0.3333;static_dc_score_score_distribution_otsu;0.8609;single_arm_score_score_distribution_otsu
A10131;deviant;4;0;0;0;0.0;0;1;0;4680.0;3096.0;1479.6540136126418;1;1;1;1.0;0;0;0.0;1.0;0.8169761273209549;4;add penalty;running;45.5;9.75;0.6012;Medium;None;0.0;0.0586;0.0;0.1667;0.0;0.0;0.0;0;0;0.6025;0.599;0.3554;"{""ddc"": 0.062, ""z"": 0.062, ""arm"": 0.062, ""br"": 0.815}";;;No significant deviations detected;2;candidate_anomaly;threshold_calibration_and_evaluation;0.5353;anomaly_score_pr_max_f1;full_dataset;deviant;0.0;0.0;0;regular;regular;0.3333;static_dc_score_score_distribution_otsu;0.8609;single_arm_score_score_distribution_otsu
A10137;regular;2;0;0;0;0.0;0;0;1;0.0;0.0;0.0;1;1;1;1.0;0;0;0.0;1.0;0.8169761273209549;2;create fine;completed;36.0;0.0;0.4456;Low;None;0.0;0.1216;0.0;0.0;0.0;0.0;0.0;0;0;0.6023;0.599;0.7619;"{""ddc"": 0.062, ""z"": 0.062, ""arm"": 0.062, ""br"": 0.815}";;;No significant deviations detected;2;stable_baseline;threshold_calibration_and_evaluation;0.5353;anomaly_score_pr_max_f1;full_dataset;regular;0.0;0.0;0;regular;regular;0.3333;static_dc_score_score_distribution_otsu;0.8609;single_arm_score_score_distribution_otsu
A10138;deviant;4;0;0;0;0.0;0;1;0;4704.0;3048.0;1420.3323554717747;1;1;1;1.0;0;0;0.0;1.0;0.8169761273209549;4;add penalty;running;45.5;9.75;0.6015;Medium;None;0.0;0.058;0.0;0.1667;0.0;0.0;0.0;0;0;0.6021;0.599;0.352;"{""ddc"": 0.062, ""z"": 0.062, ""arm"": 0.062, ""br"": 0.815}";;;No significant deviations detected;2;candidate_anomaly;threshold_calibration_and_evaluation;0.5353;anomaly_score_pr_max_f1;full_dataset;deviant;0.0;0.0;0;regular;regular;0.3333;static_dc_score_score_distribution_otsu;0.8609;single_arm_score_score_distribution_otsu
A10139;deviant;4;0;0;0;0.0;0;1;0;5040.0;3432.0;1645.1820567949312;1;1;1;1.0;0;0;0.0;1.0;0.8169761273209549;4;add penalty;running;45.5;13.950000000000001;0.5769;Low;None;0.0417;0.0693;0.0;0.1667;0.0;0.0;0.0;1;0;0.6018;0.599;0.4095;"{""ddc"": 0.062, ""z"": 0.062, ""arm"": 0.062, ""br"": 0.815}";DDC_PCTL:expense;;DDC violations: DDC_PCTL:expense;2;stable_baseline;threshold_calibration_and_evaluation;0.5353;anomaly_score_pr_max_f1;full_dataset;deviant;0.0;0.0;0;regular;regular;0.3333;static_dc_score_score_distribution_otsu;0.8609;single_arm_score_score_distribution_otsu
A1014;deviant;4;0;0;0;0.0;0;1;0;4632.0;2688.0;1095.7079902966848;1;1;1;1.0;0;0;0.0;1.0;0.9151193633952255;4;add penalty;running;26.375;8.25;0.579;Low;None;0.0;0.0956;0.0;0.1667;0.0;0.0;0.0;0;0;0.6016;0.599;0.7767;"{""ddc"": 0.062, ""z"": 0.062, ""arm"": 0.062, ""br"": 0.815}";;;No significant deviations detected;2;stable_baseline;threshold_calibration_and_evaluation;0.5353;anomaly_score_pr_max_f1;full_dataset;deviant;0.0;0.0;0;regular;regular;0.3333;static_dc_score_score_distribution_otsu;0.8609;single_arm_score_score_distribution_otsu
A10140;deviant;4;0;0;0;0.0;0;1;0;4656.0;3048.0;1443.262969801415;1;1;1;1.0;0;0;0.0;1.0;0.8169761273209549;4;add penalty;running;45.5;9.75;0.6019;High;None;0.0;0.0574;0.0;0.1667;0.0;0.0;0.0;0;0;0.6018;0.599;0.3499;"{""ddc"": 0.062, ""z"": 0.062, ""arm"": 0.062, ""br"": 0.815}";;;No significant deviations detected;2;candidate_anomaly;threshold_calibration_and_evaluation;0.5353;anomaly_score_pr_max_f1;full_dataset;deviant;0.0;0.0;0;regular;regular;0.3333;static_dc_score_score_distribution_otsu;0.8609;single_arm_score_score_distribution_otsu
A10141;deviant;4;0;0;0;0.0;0;1;0;4704.0;3048.0;1420.3323554717747;1;1;1;1.0;0;0;0.0;1.0;0.8169761273209549;4;add penalty;running;92.5;9.75;0.4557;Low;None;0.1667;0.1762;0.0;0.1667;0.0;0.0;0.0;4;0;0.6018;0.599;2.7212;"{""ddc"": 0.062, ""z"": 0.062, ""arm"": 0.062, ""br"": 0.815}";"DDC_Z:amount; DDC_IQR:amount; DDC_PCTL:amount; DDC_EWMA_HIGH:amount";;"DDC violations: DDC_Z:amount; DDC_IQR:amount; DDC_PCTL:amount | High z-score: amount (z=5.40)";2;stable_baseline;threshold_calibration_and_evaluation;0.5353;anomaly_score_pr_max_f1;full_dataset;deviant;0.0;0.0;0;regular;regular;0.3333;static_dc_score_score_distribution_otsu;0.8609;single_arm_score_score_distribution_otsu
A10143;regular;2;0;0;0;0.0;0;0;1;0.0;0.0;0.0;1;1;1;1.0;0;0;0.0;1.0;0.8169761273209549;2;create fine;completed;36.0;0.0;0.4456;Low;None;0.0;0.1216;0.0;0.0;0.0;0.0;0.0;0;0;0.6018;0.599;0.7619;"{""ddc"": 0.062, ""z"": 0.062, ""arm"": 0.062, ""br"": 0.815}";;;No significant deviations detected;2;stable_baseline;threshold_calibration_and_evaluation;0.5353;anomaly_score_pr_max_f1;full_dataset;regular;0.0;0.0;0;regular;regular;0.3333;static_dc_score_score_distribution_otsu;0.8609;single_arm_score_score_distribution_otsu
A10144;regular;2;0;0;0;0.0;0;0;1;120.0;120.0;0.0;1;1;1;1.0;0;0;0.0;1.0;0.8169761273209549;2;payment;completed;22.0;0.0;0.3881;Low;None;0.0417;0.187;0.0;0.0;0.0;0.0;0.0;1;0;0.6018;0.599;1.2333;"{""ddc"": 0.062, ""z"": 0.062, ""arm"": 0.062, ""br"": 0.815}";DDC_PCTL:amount;;DDC violations: DDC_PCTL:amount;2;stable_baseline;threshold_calibration_and_evaluation;0.5353;anomaly_score_pr_max_f1;full_dataset;regular;0.0;0.0;0;regular;regular;0.3333;static_dc_score_score_distribution_otsu;0.8609;single_arm_score_score_distribution_otsu
A10147;deviant;4;0;0;0;0.0;0;1;0;4608.0;3024.0;1442.3980033264052;1;1;1;1.0;0;0;0.0;1.0;0.8169761273209549;4;add penalty;running;45.5;9.75;0.6025;High;None;0.0;0.0564;0.0;0.1667;0.0;0.0;0.0;0;0;0.6022;0.599;0.3456;"{""ddc"": 0.062, ""z"": 0.062, ""arm"": 0.062, ""br"": 0.815}";;;No significant deviations detected;2;candidate_anomaly;threshold_calibration_and_evaluation;0.5353;anomaly_score_pr_max_f1;full_dataset;deviant;0.0;0.0;0;regular;regular;0.3333;static_dc_score_score_distribution_otsu;0.8609;single_arm_score_score_distribution_otsu
A10150;regular;2;0;0;0;0.0;0;0;1;96.0;96.0;0.0;1;1;1;1.0;0;0;0.0;1.0;0.8169761273209549;2;payment;completed;36.0;0.0;0.4474;Low;None;0.0;0.1186;0.0;0.0;0.0;0.0;0.0;0;0;0.6021;0.599;0.7401;"{""ddc"": 0.062, ""z"": 0.062, ""arm"": 0.062, ""br"": 0.815}";;;No significant deviations detected;2;stable_baseline;threshold_calibration_and_evaluation;0.5353;anomaly_score_pr_max_f1;full_dataset;regular;0.0;0.0;0;regular;regular;0.3333;static_dc_score_score_distribution_otsu;0.8609;single_arm_score_score_distribution_otsu
A10151;deviant;4;0;0;0;0.0;0;1;0;5064.0;3192.0;1396.6130459078493;1;1;1;1.0;0;0;0.0;1.0;0.8169761273209549;4;add penalty;running;45.5;9.75;0.5974;Low;None;0.0;0.065;0.0;0.1667;0.0;0.0;0.0;0;0;0.6021;0.599;0.3844;"{""ddc"": 0.062, ""z"": 0.062, ""arm"": 0.062, ""br"": 0.815}";;;No significant deviations detected;2;stable_baseline;threshold_calibration_and_evaluation;0.5353;anomaly_score_pr_max_f1;full_dataset;deviant;0.0;0.0;0;regular;regular;0.3333;static_dc_score_score_distribution_otsu;0.8609;single_arm_score_score_distribution_otsu
A10152;deviant;4;0;0;0;0.0;0;1;0;4824.0;3192.0;1507.0394818982015;1;1;1;1.0;0;0;0.0;1.0;0.8169761273209549;4;add penalty;running;45.5;9.75;0.5991;Medium;None;0.0;0.0622;0.0;0.1667;0.0;0.0;0.0;0;0;0.602;0.599;0.3716;"{""ddc"": 0.062, ""z"": 0.062, ""arm"": 0.062, ""br"": 0.815}";;;No significant deviations detected;2;stable_baseline;threshold_calibration_and_evaluation;0.5353;anomaly_score_pr_max_f1;full_dataset;deviant;0.0;0.0;0;regular;regular;0.3333;static_dc_score_score_distribution_otsu;0.8609;single_arm_score_score_distribution_otsu
A10153;deviant;4;0;0;0;0.0;0;1;0;4776.0;3192.0;1529.6744751743752;1;1;1;1.0;0;0;0.0;1.0;0.8169761273209549;4;add penalty;running;45.5;9.75;0.5994;Medium;None;0.0;0.0616;0.0;0.1667;0.0;0.0;0.0;0;0;0.6019;0.599;0.3693;"{""ddc"": 0.062, ""z"": 0.062, ""arm"": 0.062, ""br"": 0.815}";;;No significant deviations detected;2;stable_baseline;threshold_calibration_and_evaluation;0.5353;anomaly_score_pr_max_f1;full_dataset;deviant;0.0;0.0;0;regular;regular;0.3333;static_dc_score_score_distribution_otsu;0.8609;single_arm_score_score_distribution_otsu
A10154;deviant;4;0;0;0;0.0;0;1;0;4776.0;3192.0;1529.6744751743752;1;1;1;1.0;0;0;0.0;1.0;0.8169761273209549;4;add penalty;running;45.5;9.75;0.5994;Medium;None;0.0;0.0616;0.0;0.1667;0.0;0.0;0.0;0;0;0.6019;0.599;0.3693;"{""ddc"": 0.062, ""z"": 0.062, ""arm"": 0.062, ""br"": 0.815}";;;No significant deviations detected;2;stable_baseline;threshold_calibration_and_evaluation;0.5353;anomaly_score_pr_max_f1;full_dataset;deviant;0.0;0.0;0;regular;regular;0.3333;static_dc_score_score_distribution_otsu;0.8609;single_arm_score_score_distribution_otsu
A10156;regular;2;0;0;0;0.0;0;0;1;24.0;24.0;0.0;1;1;1;1.0;0;0;0.0;1.0;0.8169761273209549;2;payment;completed;36.0;0.0;0.446;Low;None;0.0;0.1208;0.0;0.0;0.0;0.0;0.0;0;0;0.6018;0.599;0.7565;"{""ddc"": 0.062, ""z"": 0.062, ""arm"": 0.062, ""br"": 0.815}";;;No significant deviations detected;2;stable_baseline;threshold_calibration_and_evaluation;0.5353;anomaly_score_pr_max_f1;full_dataset;regular;0.0;0.0;0;regular;regular;0.3333;static_dc_score_score_distribution_otsu;0.8609;single_arm_score_score_distribution_otsu
A10157;regular;2;0;0;0;0.0;0;0;1;912.0;912.0;0.0;1;1;1;1.0;0;0;0.0;1.0;0.8169761273209549;2;payment;completed;36.0;0.0;0.4629;Low;None;0.0;0.0934;0.0;0.0;0.0;0.0;0.0;0;0;0.6018;0.599;0.5614;"{""ddc"": 0.062, ""z"": 0.062, ""arm"": 0.062, ""br"": 0.815}";;;No significant deviations detected;2;stable_baseline;threshold_calibration_and_evaluation;0.5353;anomaly_score_pr_max_f1;full_dataset;regular;0.0;0.0;0;regular;regular;0.3333;static_dc_score_score_distribution_otsu;0.8609;single_arm_score_score_distribution_otsu
A10158;regular;2;0;0;0;0.0;0;0;1;24.0;24.0;0.0;1;1;1;1.0;0;0;0.0;1.0;0.8169761273209549;2;payment;completed;36.0;0.0;0.446;Low;None;0.0;0.1208;0.0;0.0;0.0;0.0;0.0;0;0;0.6018;0.599;0.7565;"{""ddc"": 0.062, ""z"": 0.062, ""arm"": 0.062, ""br"": 0.815}";;;No significant deviations detected;2;stable_baseline;threshold_calibration_and_evaluation;0.5353;anomaly_score_pr_max_f1;full_dataset;regular;0.0;0.0;0;regular;regular;0.3333;static_dc_score_score_distribution_otsu;0.8609;single_arm_score_score_distribution_otsu
A10159;regular;2;0;0;0;0.0;0;0;1;24.0;24.0;0.0;1;1;1;1.0;0;0;0.0;1.0;0.8169761273209549;2;payment;completed;36.0;0.0;0.446;Low;None;0.0;0.1208;0.0;0.0;0.0;0.0;0.0;0;0;0.6018;0.599;0.7565;"{""ddc"": 0.062, ""z"": 0.062, ""arm"": 0.062, ""br"": 0.815}";;;No significant deviations detected;2;stable_baseline;threshold_calibration_and_evaluation;0.5353;anomaly_score_pr_max_f1;full_dataset;regular;0.0;0.0;0;regular;regular;0.3333;static_dc_score_score_distribution_otsu;0.8609;single_arm_score_score_distribution_otsu
A10161;regular;5;0;0;0;0.0;0;1;1;14088.0;9360.0;4081.2880319820606;1;1;1;1.0;0;0;0.0;1.0;0.8169761273209548;5;payment;completed;51.2;10.4;0.3209;Low;Temporal;0.2917;0.3173;0.0;0.1667;0.0;1.0;0.0;7;0;0.6017;0.599;2.1049;"{""ddc"": 0.062, ""z"": 0.062, ""arm"": 0.062, ""br"": 0.815}";"DDC_Z:temp_total_hrs; DDC_PCTL:temp_total_hrs; DDC_Z:temp_max_step_hrs; DDC_IQR:temp_max_step_hrs; DDC_PCTL:temp_max_step_hrs; DDC_Z:temp_std_step_hrs; DDC_PCTL:temp_std_step_hrs";;"DDC violations: DDC_Z:temp_total_hrs; DDC_PCTL:temp_total_hrs; DDC_Z:temp_max_step_hrs | High z-score: temp_max_step_hrs (z=2.81)";2;stable_baseline;threshold_calibration_and_evaluation;0.5353;anomaly_score_pr_max_f1;full_dataset;regular;0.3333;0.0;0;deviant;regular;0.3333;static_dc_score_score_distribution_otsu;0.8609;single_arm_score_score_distribution_otsu
A10162;regular;2;0;0;0;0.0;0;0;1;96.0;96.0;0.0;1;1;1;1.0;0;0;0.0;1.0;0.8169761273209549;2;payment;completed;36.0;0.0;0.4474;Low;None;0.0;0.1186;0.0;0.0;0.0;0.0;0.0;0;0;0.6017;0.599;0.7401;"{""ddc"": 0.062, ""z"": 0.062, ""arm"": 0.062, ""br"": 0.815}";;;No significant deviations detected;2;stable_baseline;threshold_calibration_and_evaluation;0.5353;anomaly_score_pr_max_f1;full_dataset;regular;0.0;0.0;0;regular;regular;0.3333;static_dc_score_score_distribution_otsu;0.8609;single_arm_score_score_distribution_otsu
A10164;deviant;4;0;0;0;0.0;0;1;0;5232.0;3144.0;1275.4669733082076;1;1;1;1.0;0;0;0.0;1.0;0.8169761273209549;4;add penalty;running;45.5;9.75;0.5967;Low;None;0.0;0.066;0.0;0.1667;0.0;0.0;0.0;0;0;0.6017;0.599;0.3901;"{""ddc"": 0.062, ""z"": 0.062, ""arm"": 0.062, ""br"": 0.815}";;;No significant deviations detected;2;stable_baseline;threshold_calibration_and_evaluation;0.5353;anomaly_score_pr_max_f1;full_dataset;deviant;0.0;0.0;0;regular;regular;0.3333;static_dc_score_score_distribution_otsu;0.8609;single_arm_score_score_distribution_otsu
A10165;regular;6;1;0;0;0.2;0;1;1;14064.0;6432.0;2290.862544981693;1;1;1;1.0;0;0;0.0;1.0;0.8169761273209549;6;payment;completed;55.0;10.833333333333334;0.3269;Low;Control-Flow|Temporal;0.25;0.3359;0.0;0.1667;0.2514;0.3333;0.0;6;0;0.6017;0.599;1.9464;"{""ddc"": 0.062, ""z"": 0.062, ""arm"": 0.062, ""br"": 0.815}";"DDC_IQR:cf_seq_violations; DDC_IQR:cf_wrong_order_ratio; DDC_Z:temp_total_hrs; DDC_PCTL:temp_total_hrs; DDC_PCTL:amount; DDC_CF:wrong_order_transition";;"DDC violations: DDC_IQR:cf_seq_violations; DDC_IQR:cf_wrong_order_ratio; DDC_Z:temp_total_hrs | High z-score: temp_total_hrs (z=2.54) | Cross-perspective evidence: Control-Flow + Temporal";2;stable_baseline;threshold_calibration_and_evaluation;0.5353;anomaly_score_pr_max_f1;full_dataset;regular;0.4444;0.0;0;deviant;regular;0.3333;static_dc_score_score_distribution_otsu;0.8609;single_arm_score_score_distribution_otsu
A10168;deviant;4;0;0;0;0.0;0;1;0;4752.0;3120.0;1469.3018750413407;1;1;1;1.0;0;0;0.0;1.0;0.8169761273209549;4;add penalty;running;45.5;9.75;0.6004;Medium;None;0.0;0.0599;0.0;0.1667;0.0;0.0;0.0;0;0;0.6016;0.599;0.361;"{""ddc"": 0.062, ""z"": 0.062, ""arm"": 0.062, ""br"": 0.815}";;;No significant deviations detected;2;stable_baseline;threshold_calibration_and_evaluation;0.5353;anomaly_score_pr_max_f1;full_dataset;deviant;0.0;0.0;0;regular;regular;0.3333;static_dc_score_score_distribution_otsu;0.8609;single_arm_score_score_distribution_otsu
A1017;deviant;5;0;0;0;0.0;0;1;1;4944.0;2616.0;1043.2871129272132;1;1;1;1.0;0;0;0.0;1.0;0.9151193633952255;5;payment;completed;29.6;8.8;0.3201;Low;None;0.0;0.0819;0.7827;0.0;0.0;0.0;0.0;0;1;0.6016;0.599;0.6226;"{""ddc"": 0.062, ""z"": 0.062, ""arm"": 0.062, ""br"": 0.815}";;CF_has_payment + CF_has_penalty => TEMP_variable;MV-ARM violation: CF_has_payment + CF_has_penalty => TEMP_variable missing expected consequent;2;stable_baseline;threshold_calibration_and_evaluation;0.5353;anomaly_score_pr_max_f1;full_dataset;regular;0.0;0.0;0;regular;regular;0.3333;static_dc_score_score_distribution_otsu;0.8609;single_arm_score_score_distribution_otsu
A10171;deviant;4;0;0;0;0.0;0;1;0;4920.0;3096.0;1367.0171908209495;1;1;1;1.0;0;0;0.0;1.0;0.8169761273209549;4;add penalty;running;45.5;9.75;0.5995;Medium;None;0.0;0.0614;0.0;0.1667;0.0;0.0;0.0;0;0;0.6016;0.599;0.3672;"{""ddc"": 0.062, ""z"": 0.062, ""arm"": 0.062, ""br"": 0.815}";;;No significant deviations detected;2;stable_baseline;threshold_calibration_and_evaluation;0.5353;anomaly_score_pr_max_f1;full_dataset;deviant;0.0;0.0;0;regular;regular;0.3333;static_dc_score_score_distribution_otsu;0.8609;single_arm_score_score_distribution_otsu
A10175;regular;2;0;0;0;0.0;0;0;1;48.0;48.0;0.0;1;1;1;1.0;0;0;0.0;1.0;0.8169761273209549;2;payment;completed;36.0;0.0;0.4465;Low;None;0.0;0.1201;0.0;0.0;0.0;0.0;0.0;0;0;0.6016;0.599;0.751;"{""ddc"": 0.062, ""z"": 0.062, ""arm"": 0.062, ""br"": 0.815}";;;No significant deviations detected;2;stable_baseline;threshold_calibration_and_evaluation;0.5353;anomaly_score_pr_max_f1;full_dataset;regular;0.0;0.0;0;regular;regular;0.3333;static_dc_score_score_distribution_otsu;0.8609;single_arm_score_score_distribution_otsu
A10180;deviant;4;0;0;0;0.0;0;1;0;4824.0;3072.0;1387.6483704454813;1;1;1;1.0;0;0;0.0;1.0;0.8169761273209549;4;add penalty;running;45.5;9.75;0.6004;Medium;None;0.0;0.0599;0.0;0.1667;0.0;0.0;0.0;0;0;0.6016;0.599;0.36;"{""ddc"": 0.062, ""z"": 0.062, ""arm"": 0.062, ""br"": 0.815}";;;No significant deviations detected;2;stable_baseline;threshold_calibration_and_evaluation;0.5353;anomaly_score_pr_max_f1;full_dataset;deviant;0.0;0.0;0;regular;regular;0.3333;static_dc_score_score_distribution_otsu;0.8609;single_arm_score_score_distribution_otsu
A10181;regular;2;0;0;0;0.0;0;0;1;72.0;72.0;0.0;1;1;1;1.0;0;0;0.0;1.0;0.8169761273209549;2;payment;completed;36.0;0.0;0.447;Low;None;0.0;0.1193;0.0;0.0;0.0;0.0;0.0;0;0;0.6016;0.599;0.7456;"{""ddc"": 0.062, ""z"": 0.062, ""arm"": 0.062, ""br"": 0.815}";;;No significant deviations detected;2;stable_baseline;threshold_calibration_and_evaluation;0.5353;anomaly_score_pr_max_f1;full_dataset;regular;0.0;0.0;0;regular;regular;0.3333;static_dc_score_score_distribution_otsu;0.8609;single_arm_score_score_distribution_otsu
A10186;regular;2;0;0;0;0.0;0;0;1;96.0;96.0;0.0;1;1;1;1.0;0;0;0.0;1.0;0.8169761273209549;2;payment;completed;36.0;0.0;0.4474;Low;None;0.0;0.1186;0.0;0.0;0.0;0.0;0.0;0;0;0.6016;0.599;0.7401;"{""ddc"": 0.062, ""z"": 0.062, ""arm"": 0.062, ""br"": 0.815}";;;No significant deviations detected;2;stable_baseline;threshold_calibration_and_evaluation;0.5353;anomaly_score_pr_max_f1;full_dataset;regular;0.0;0.0;0;regular;regular;0.3333;static_dc_score_score_distribution_otsu;0.8609;single_arm_score_score_distribution_otsu
A10189;regular;2;0;0;0;0.0;0;0;1;384.0;384.0;0.0;1;1;1;1.0;0;0;0.0;1.0;0.8169761273209549;2;payment;completed;36.0;0.0;0.4529;Low;None;0.0;0.1097;0.0;0.0;0.0;0.0;0.0;0;0;0.6016;0.599;0.6755;"{""ddc"": 0.062, ""z"": 0.062, ""arm"": 0.062, ""br"": 0.815}";;;No significant deviations detected;2;stable_baseline;threshold_calibration_and_evaluation;0.5353;anomaly_score_pr_max_f1;full_dataset;regular;0.0;0.0;0;regular;regular;0.3333;static_dc_score_score_distribution_otsu;0.8609;single_arm_score_score_distribution_otsu
A10192;deviant;4;0;0;0;0.0;0;1;0;4608.0;3024.0;1442.3980033264052;1;1;1;1.0;0;0;0.0;1.0;0.8169761273209549;4;add penalty;running;45.5;9.75;0.6025;High;None;0.0;0.0564;0.0;0.1667;0.0;0.0;0.0;0;0;0.6017;0.599;0.3456;"{""ddc"": 0.062, ""z"": 0.062, ""arm"": 0.062, ""br"": 0.815}";;;No significant deviations detected;2;candidate_anomaly;threshold_calibration_and_evaluation;0.5353;anomaly_score_pr_max_f1;full_dataset;deviant;0.0;0.0;0;regular;regular;0.3333;static_dc_score_score_distribution_otsu;0.8609;single_arm_score_score_distribution_otsu
A10193;deviant;4;0;0;0;0.0;0;1;0;4656.0;3024.0;1419.3181461532859;1;1;1;1.0;0;0;0.0;1.0;0.8169761273209549;4;add penalty;running;45.5;9.75;0.6021;High;None;0.0;0.057;0.0;0.1667;0.0;0.0;0.0;0;0;0.6019;0.599;0.3477;"{""ddc"": 0.062, ""z"": 0.062, ""arm"": 0.062, ""br"": 0.815}";;;No significant deviations detected;2;candidate_anomaly;threshold_calibration_and_evaluation;0.5353;anomaly_score_pr_max_f1;full_dataset;deviant;0.0;0.0;0;regular;regular;0.3333;static_dc_score_score_distribution_otsu;0.8609;single_arm_score_score_distribution_otsu
A10194;regular;2;0;0;0;0.0;0;0;1;0.0;0.0;0.0;1;1;1;1.0;0;0;0.0;1.0;0.8169761273209549;2;payment;completed;36.0;0.0;0.4456;Low;None;0.0;0.1216;0.0;0.0;0.0;0.0;0.0;0;0;0.6019;0.599;0.7619;"{""ddc"": 0.062, ""z"": 0.062, ""arm"": 0.062, ""br"": 0.815}";;;No significant deviations detected;2;stable_baseline;threshold_calibration_and_evaluation;0.5353;anomaly_score_pr_max_f1;full_dataset;regular;0.0;0.0;0;regular;regular;0.3333;static_dc_score_score_distribution_otsu;0.8609;single_arm_score_score_distribution_otsu
A10195;regular;2;0;0;0;0.0;0;0;1;144.0;144.0;0.0;1;1;1;1.0;0;0;0.0;1.0;0.8169761273209549;2;payment;completed;36.0;0.0;0.4483;Low;None;0.0;0.1171;0.0;0.0;0.0;0.0;0.0;0;0;0.6019;0.599;0.7293;"{""ddc"": 0.062, ""z"": 0.062, ""arm"": 0.062, ""br"": 0.815}";;;No significant deviations detected;2;stable_baseline;threshold_calibration_and_evaluation;0.5353;anomaly_score_pr_max_f1;full_dataset;regular;0.0;0.0;0;regular;regular;0.3333;static_dc_score_score_distribution_otsu;0.8609;single_arm_score_score_distribution_otsu
A10196;deviant;4;0;0;0;0.0;0;1;0;4920.0;3024.0;1295.6295766923508;1;1;1;1.0;0;0;0.0;1.0;0.8169761273209549;4;add penalty;running;45.5;9.75;0.6003;Medium;None;0.0;0.0601;0.0;0.1667;0.0;0.0;0.0;0;0;0.6018;0.599;0.3608;"{""ddc"": 0.062, ""z"": 0.062, ""arm"": 0.062, ""br"": 0.815}";;;No significant deviations detected;2;stable_baseline;threshold_calibration_and_evaluation;0.5353;anomaly_score_pr_max_f1;full_dataset;deviant;0.0;0.0;0;regular;regular;0.3333;static_dc_score_score_distribution_otsu;0.8609;single_arm_score_score_distribution_otsu
A102;deviant;4;0;0;0;0.0;0;1;0;5208.0;3240.0;1380.0173911947631;1;1;1;1.0;0;0;0.0;1.0;0.8488063660477454;4;add penalty;running;44.125;8.25;0.5999;Medium;None;0.0;0.0608;0.0;0.1667;0.0;0.0;0.0;0;0;0.6018;0.599;0.349;"{""ddc"": 0.062, ""z"": 0.062, ""arm"": 0.062, ""br"": 0.815}";;;No significant deviations detected;2;stable_baseline;threshold_calibration_and_evaluation;0.5353;anomaly_score_pr_max_f1;full_dataset;deviant;0.0;0.0;0;regular;regular;0.3333;static_dc_score_score_distribution_otsu;0.8609;single_arm_score_score_distribution_otsu
A10203;regular;6;1;0;0;0.2;0;1;1;9672.0;4032.0;1475.7170460491402;1;1;1;1.0;0;0;0.0;1.0;0.8143236074270558;6;payment;completed;55.0;10.833333333333334;0.1749;Low;Control-Flow;0.1667;0.2383;0.9231;0.0;0.2514;0.0;0.0;4;2;0.6018;0.599;1.3851;"{""ddc"": 0.062, ""z"": 0.062, ""arm"": 0.062, ""br"": 0.815}";"DDC_IQR:cf_seq_violations; DDC_IQR:cf_wrong_order_ratio; DDC_PCTL:amount; DDC_CF:wrong_order_transition";CF_has_payment + TEMP_variable => TEMP_slow;"DDC violations: DDC_IQR:cf_seq_violations; DDC_IQR:cf_wrong_order_ratio; DDC_PCTL:amount | MV-ARM violation: CF_has_payment + TEMP_variable => TEMP_slow missing expected consequent";2;stable_baseline;threshold_calibration_and_evaluation;0.5353;anomaly_score_pr_max_f1;full_dataset;regular;0.4444;0.0;0;deviant;regular;0.3333;static_dc_score_score_distribution_otsu;0.8609;single_arm_score_score_distribution_otsu
A10205;deviant;4;0;0;0;0.0;0;1;0;5136.0;3528.0;1696.4339067585274;1;1;1;1.0;0;0;0.0;1.0;0.8143236074270557;4;add penalty;running;45.5;13.950000000000001;0.5751;Low;None;0.0417;0.0723;0.0;0.1667;0.0;0.0;0.0;1;0;0.6018;0.599;0.4265;"{""ddc"": 0.062, ""z"": 0.062, ""arm"": 0.062, ""br"": 0.815}";DDC_PCTL:expense;;DDC violations: DDC_PCTL:expense;2;stable_baseline;threshold_calibration_and_evaluation;0.5353;anomaly_score_pr_max_f1;full_dataset;deviant;0.0;0.0;0;regular;regular;0.3333;static_dc_score_score_distribution_otsu;0.8609;single_arm_score_score_distribution_otsu
A10206;regular;2;0;0;0;0.0;0;0;1;144.0;144.0;0.0;1;1;1;1.0;0;0;0.0;1.0;0.8143236074270557;2;payment;completed;36.0;0.0;0.4483;Low;None;0.0;0.1171;0.0;0.0;0.0;0.0;0.0;0;0;0.6017;0.599;0.7293;"{""ddc"": 0.062, ""z"": 0.062, ""arm"": 0.062, ""br"": 0.815}";;;No significant deviations detected;2;stable_baseline;threshold_calibration_and_evaluation;0.5353;anomaly_score_pr_max_f1;full_dataset;regular;0.0;0.0;0;regular;regular;0.3333;static_dc_score_score_distribution_otsu;0.8609;single_arm_score_score_distribution_otsu
A10211;deviant;4;0;0;0;0.0;0;1;0;4968.0;3120.0;1368.841846233523;1;1;1;1.0;0;0;0.0;1.0;0.8143236074270557;4;add penalty;running;45.5;9.75;0.5989;Low;None;0.0;0.0625;0.0;0.1667;0.0;0.0;0.0;0;0;0.6017;0.599;0.372;"{""ddc"": 0.062, ""z"": 0.062, ""arm"": 0.062, ""br"": 0.815}";;;No significant deviations detected;2;stable_baseline;threshold_calibration_and_evaluation;0.5353;anomaly_score_pr_max_f1;full_dataset;deviant;0.0;0.0;0;regular;regular;0.3333;static_dc_score_score_distribution_otsu;0.8609;single_arm_score_score_distribution_otsu
A10212;deviant;4;0;0;0;0.0;0;1;0;4704.0;3120.0;1492.1233193003854;1;1;1;1.0;0;0;0.0;1.0;0.8143236074270557;4;add penalty;running;45.5;9.75;0.6007;Medium;None;0.0;0.0594;0.0;0.1667;0.0;0.0;0.0;0;0;0.6017;0.599;0.3588;"{""ddc"": 0.062, ""z"": 0.062, ""arm"": 0.062, ""br"": 0.815}";;;No significant deviations detected;2;candidate_anomaly;threshold_calibration_and_evaluation;0.5353;anomaly_score_pr_max_f1;full_dataset;deviant;0.0;0.0;0;regular;regular;0.3333;static_dc_score_score_distribution_otsu;0.8609;single_arm_score_score_distribution_otsu
A10213;deviant;4;0;0;0;0.0;0;1;0;4944.0;3120.0;1379.8086823904248;1;1;1;1.0;0;0;0.0;1.0;0.8143236074270557;4;add penalty;running;45.5;9.75;0.599;Medium;None;0.0;0.0622;0.0;0.1667;0.0;0.0;0.0;0;0;0.6017;0.599;0.3707;"{""ddc"": 0.062, ""z"": 0.062, ""arm"": 0.062, ""br"": 0.815}";;;No significant deviations detected;2;stable_baseline;threshold_calibration_and_evaluation;0.5353;anomaly_score_pr_max_f1;full_dataset;deviant;0.0;0.0;0;regular;regular;0.3333;static_dc_score_score_distribution_otsu;0.8609;single_arm_score_score_distribution_otsu
A10215;regular;2;0;0;0;0.0;0;0;1;72.0;72.0;0.0;1;1;1;1.0;0;0;0.0;1.0;0.8143236074270557;2;payment;completed;36.0;0.0;0.447;Low;None;0.0;0.1193;0.0;0.0;0.0;0.0;0.0;0;0;0.6016;0.599;0.7456;"{""ddc"": 0.062, ""z"": 0.062, ""arm"": 0.062, ""br"": 0.815}";;;No significant deviations detected;2;stable_baseline;threshold_calibration_and_evaluation;0.5353;anomaly_score_pr_max_f1;full_dataset;regular;0.0;0.0;0;regular;regular;0.3333;static_dc_score_score_distribution_otsu;0.8609;single_arm_score_score_distribution_otsu
A10216;deviant;4;0;0;0;0.0;0;1;0;4992.0;3120.0;1357.927833134;1;1;1;1.0;0;0;0.0;1.0;0.8143236074270557;4;add penalty;running;45.5;9.75;0.5987;Low;None;0.0;0.0628;0.0;0.1667;0.0;0.0;0.0;0;0;0.6016;0.599;0.3734;"{""ddc"": 0.062, ""z"": 0.062, ""arm"": 0.062, ""br"": 0.815}";;;No significant deviations detected;2;stable_baseline;threshold_calibration_and_evaluation;0.5353;anomaly_score_pr_max_f1;full_dataset;deviant;0.0;0.0;0;regular;regular;0.3333;static_dc_score_score_distribution_otsu;0.8609;single_arm_score_score_distribution_otsu
A10218;deviant;4;0;0;0;0.0;0;1;0;4800.0;3120.0;1446.6513056020099;1;1;1;1.0;0;0;0.0;1.0;0.8143236074270557;4;add penalty;running;45.5;9.75;0.6;Medium;None;0.0;0.0605;0.0;0.1667;0.0;0.0;0.0;0;0;0.6016;0.599;0.3633;"{""ddc"": 0.062, ""z"": 0.062, ""arm"": 0.062, ""br"": 0.815}";;;No significant deviations detected;2;stable_baseline;threshold_calibration_and_evaluation;0.5353;anomaly_score_pr_max_f1;full_dataset;deviant;0.0;0.0;0;regular;regular;0.3333;static_dc_score_score_distribution_otsu;0.8609;single_arm_score_score_distribution_otsu
A10221;regular;2;0;0;0;0.0;0;0;1;984.0;984.0;0.0;1;1;1;1.0;0;0;0.0;1.0;0.8143236074270557;2;payment;completed;36.0;0.0;0.4643;Low;None;0.0;0.0912;0.0;0.0;0.0;0.0;0.0;0;0;0.6016;0.599;0.5465;"{""ddc"": 0.062, ""z"": 0.062, ""arm"": 0.062, ""br"": 0.815}";;;No significant deviations detected;2;stable_baseline;threshold_calibration_and_evaluation;0.5353;anomaly_score_pr_max_f1;full_dataset;regular;0.0;0.0;0;regular;regular;0.3333;static_dc_score_score_distribution_otsu;0.8609;single_arm_score_score_distribution_otsu
A10223;deviant;4;0;0;0;0.0;0;1;0;4944.0;3096.0;1356.0176989995373;1;1;1;1.0;0;0;0.0;1.0;0.8143236074270557;4;add penalty;running;45.5;9.75;0.5993;Medium;None;0.0;0.0617;0.0;0.1667;0.0;0.0;0.0;0;0;0.6016;0.599;0.3685;"{""ddc"": 0.062, ""z"": 0.062, ""arm"": 0.062, ""br"": 0.815}";;;No significant deviations detected;2;stable_baseline;threshold_calibration_and_evaluation;0.5353;anomaly_score_pr_max_f1;full_dataset;deviant;0.0;0.0;0;regular;regular;0.3333;static_dc_score_score_distribution_otsu;0.8609;single_arm_score_score_distribution_otsu
A10224;deviant;4;0;0;0;0.0;0;1;0;4728.0;3096.0;1456.769027677346;1;1;1;1.0;0;0;0.0;1.0;0.8143236074270557;4;add penalty;running;45.5;9.75;0.6008;Medium;None;0.0;0.0592;0.0;0.1667;0.0;0.0;0.0;0;0;0.6016;0.599;0.3575;"{""ddc"": 0.062, ""z"": 0.062, ""arm"": 0.062, ""br"": 0.815}";;;No significant deviations detected;2;candidate_anomaly;threshold_calibration_and_evaluation;0.5353;anomaly_score_pr_max_f1;full_dataset;deviant;0.0;0.0;0;regular;regular;0.3333;static_dc_score_score_distribution_otsu;0.8609;single_arm_score_score_distribution_otsu
A10229;regular;2;0;0;0;0.0;0;0;1;72.0;72.0;0.0;1;1;1;1.0;0;0;0.0;1.0;0.8143236074270557;2;payment;completed;36.0;0.0;0.447;Low;None;0.0;0.1193;0.0;0.0;0.0;0.0;0.0;0;0;0.6016;0.599;0.7456;"{""ddc"": 0.062, ""z"": 0.062, ""arm"": 0.062, ""br"": 0.815}";;;No significant deviations detected;2;stable_baseline;threshold_calibration_and_evaluation;0.5353;anomaly_score_pr_max_f1;full_dataset;regular;0.0;0.0;0;regular;regular;0.3333;static_dc_score_score_distribution_otsu;0.8609;single_arm_score_score_distribution_otsu
A10230;regular;2;0;0;0;0.0;0;0;1;192.0;192.0;0.0;1;1;1;1.0;0;0;0.0;1.0;0.8143236074270557;2;payment;completed;36.0;0.0;0.4492;Low;None;0.0;0.1156;0.0;0.0;0.0;0.0;0.0;0;0;0.6016;0.599;0.7184;"{""ddc"": 0.062, ""z"": 0.062, ""arm"": 0.062, ""br"": 0.815}";;;No significant deviations detected;2;stable_baseline;threshold_calibration_and_evaluation;0.5353;anomaly_score_pr_max_f1;full_dataset;regular;0.0;0.0;0;regular;regular;0.3333;static_dc_score_score_distribution_otsu;0.8609;single_arm_score_score_distribution_otsu
A10234;regular;2;0;0;0;0.0;0;0;1;48.0;48.0;0.0;1;1;1;1.0;0;0;0.0;1.0;0.8143236074270557;2;payment;completed;36.0;0.0;0.4465;Low;None;0.0;0.1201;0.0;0.0;0.0;0.0;0.0;0;0;0.6016;0.599;0.751;"{""ddc"": 0.062, ""z"": 0.062, ""arm"": 0.062, ""br"": 0.815}";;;No significant deviations detected;2;stable_baseline;threshold_calibration_and_evaluation;0.5353;anomaly_score_pr_max_f1;full_dataset;regular;0.0;0.0;0;regular;regular;0.3333;static_dc_score_score_distribution_otsu;0.8609;single_arm_score_score_distribution_otsu
A10235;regular;2;0;0;0;0.0;0;0;1;0.0;0.0;0.0;1;1;1;1.0;0;0;0.0;1.0;0.8143236074270557;2;payment;completed;36.0;0.0;0.4456;Low;None;0.0;0.1216;0.0;0.0;0.0;0.0;0.0;0;0;0.6016;0.599;0.7619;"{""ddc"": 0.062, ""z"": 0.062, ""arm"": 0.062, ""br"": 0.815}";;;No significant deviations detected;2;stable_baseline;threshold_calibration_and_evaluation;0.5353;anomaly_score_pr_max_f1;full_dataset;regular;0.0;0.0;0;regular;regular;0.3333;static_dc_score_score_distribution_otsu;0.8609;single_arm_score_score_distribution_otsu
A10236;regular;6;3;0;0;0.6;1;1;0;4920.0;3072.0;1244.996385536922;1;1;1;1.0;0;0;0.0;1.0;0.8143236074270558;6;send appeal to prefecture;running;48.666666666666664;10.833333333333334;0.5597;Low;Control-Flow;0.4167;0.21;0.0;0.5;0.5143;0.0;0.0;10;0;0.6016;0.599;2.3781;"{""ddc"": 0.062, ""z"": 0.062, ""arm"": 0.062, ""br"": 0.815}";"DDC_Z:cf_seq_violations; DDC_IQR:cf_seq_violations; DDC_PCTL:cf_seq_violations; DDC_EWMA_HIGH:cf_seq_violations; DDC_Z:cf_wrong_order_ratio; DDC_IQR:cf_wrong_order_ratio; DDC_PCTL:cf_wrong_order_ratio; DDC_EWMA_HIGH:cf_wrong_order_ratio";;"DDC violations: DDC_Z:cf_seq_violations; DDC_IQR:cf_seq_violations; DDC_PCTL:cf_seq_violations | High z-score: cf_seq_violations (z=4.53)";2;candidate_anomaly;threshold_calibration_and_evaluation;0.5353;anomaly_score_pr_max_f1;full_dataset;deviant;0.1111;0.8609;9;regular;deviant;0.3333;static_dc_score_score_distribution_otsu;0.8609;single_arm_score_score_distribution_otsu
A10237;regular;2;0;0;0;0.0;0;0;1;24.0;24.0;0.0;1;1;1;1.0;0;0;0.0;1.0;0.8143236074270557;2;payment;completed;36.0;0.0;0.446;Low;None;0.0;0.1208;0.0;0.0;0.0;0.0;0.0;0;0;0.6016;0.599;0.7565;"{""ddc"": 0.062, ""z"": 0.062, ""arm"": 0.062, ""br"": 0.815}";;;No significant deviations detected;2;stable_baseline;threshold_calibration_and_evaluation;0.5353;anomaly_score_pr_max_f1;full_dataset;regular;0.0;0.0;0;regular;regular;0.3333;static_dc_score_score_distribution_otsu;0.8609;single_arm_score_score_distribution_otsu
A10238;deviant;4;0;0;0;0.0;0;1;0;4680.0;3048.0;1431.7765188743667;1;1;1;1.0;0;0;0.0;1.0;0.8143236074270557;4;add penalty;running;45.5;9.75;0.6017;High;None;0.0;0.0577;0.0;0.1667;0.0;0.0;0.0;0;0;0.6016;0.599;0.3509;"{""ddc"": 0.062, ""z"": 0.062, ""arm"": 0.062, ""br"": 0.815}";;;No significant deviations detected;2;candidate_anomaly;threshold_calibration_and_evaluation;0.5353;anomaly_score_pr_max_f1;full_dataset;deviant;0.0;0.0;0;regular;regular;0.3333;static_dc_score_score_distribution_otsu;0.8609;single_arm_score_score_distribution_otsu
A10242;deviant;4;0;0;0;0.0;0;1;0;4608.0;3000.0;1418.4385781555718;1;1;1;1.0;0;0;0.0;1.0;0.8143236074270557;4;add penalty;running;45.5;9.75;0.6028;High;None;0.0;0.0559;0.0;0.1667;0.0;0.0;0.0;0;0;0.6017;0.599;0.3436;"{""ddc"": 0.062, ""z"": 0.062, ""arm"": 0.062, ""br"": 0.815}";;;No significant deviations detected;2;candidate_anomaly;threshold_calibration_and_evaluation;0.5353;anomaly_score_pr_max_f1;full_dataset;deviant;0.0;0.0;0;regular;regular;0.3333;static_dc_score_score_distribution_otsu;0.8609;single_arm_score_score_distribution_otsu
A10243;regular;2;0;0;0;0.0;0;0;1;24.0;24.0;0.0;1;1;1;1.0;0;0;0.0;1.0;0.8143236074270557;2;payment;completed;36.0;0.0;0.446;Low;None;0.0;0.1208;0.0;0.0;0.0;0.0;0.0;0;0;0.6017;0.599;0.7565;"{""ddc"": 0.062, ""z"": 0.062, ""arm"": 0.062, ""br"": 0.815}";;;No significant deviations detected;2;stable_baseline;threshold_calibration_and_evaluation;0.5353;anomaly_score_pr_max_f1;full_dataset;regular;0.0;0.0;0;regular;regular;0.3333;static_dc_score_score_distribution_otsu;0.8609;single_arm_score_score_distribution_otsu
A10247;deviant;4;0;0;0;0.0;0;1;0;6288.0;4392.0;2048.3593434746745;1;1;1;1.0;0;0;0.0;1.0;0.8143236074270557;4;add penalty;running;45.5;13.950000000000001;0.5567;Low;None;0.0417;0.1023;0.0;0.1667;0.0;0.0;0.0;1;0;0.6017;0.599;0.6217;"{""ddc"": 0.062, ""z"": 0.062, ""arm"": 0.062, ""br"": 0.815}";DDC_PCTL:expense;;DDC violations: DDC_PCTL:expense;2;stable_baseline;threshold_calibration_and_evaluation;0.5353;anomaly_score_pr_max_f1;full_dataset;deviant;0.0;0.0;0;regular;regular;0.3333;static_dc_score_score_distribution_otsu;0.8609;single_arm_score_score_distribution_otsu
A10249;regular;9;5;0;0;0.625;1;1;1;7968.0;3000.0;955.9629401065414;1;1;1;1.0;0;0;0.0;1.0;0.8143236074270557;9;payment;completed;61.333333333333336;19.555555555555557;0.1024;Low;Control-Flow;0.75;0.3071;0.7827;0.1667;0.6607;0.0;0.0;18;1;0.6017;0.599;4.1863;"{""ddc"": 0.062, ""z"": 0.062, ""arm"": 0.062, ""br"": 0.815}";"DDC_Z:cf_n_events; DDC_IQR:cf_n_events; DDC_PCTL:cf_n_events; DDC_EWMA_HIGH:cf_n_events; DDC_Z:cf_seq_violations; DDC_IQR:cf_seq_violations; DDC_PCTL:cf_seq_violations; DDC_EWMA_HIGH:cf_seq_violations";CF_has_payment + CF_has_penalty => TEMP_variable;"DDC violations: DDC_Z:cf_n_events; DDC_IQR:cf_n_events; DDC_PCTL:cf_n_events | High z-score: cf_seq_violations (z=7.69) | MV-ARM violation: CF_has_payment + CF_has_penalty => TEMP_variable missing expected consequent";2;stable_baseline;threshold_calibration_and_evaluation;0.5353;anomaly_score_pr_max_f1;full_dataset;regular;0.4444;0.0;0;deviant;regular;0.3333;static_dc_score_score_distribution_otsu;0.8609;single_arm_score_score_distribution_otsu
A10250;regular;5;0;0;0;0.0;0;1;1;12936.0;8112.0;3424.936787737841;1;1;1;1.0;0;0;0.0;1.0;0.8143236074270558;5;payment;completed;51.2;10.4;0.4652;Low;None;0.0;0.2799;0.0;0.1667;0.0;0.0;0.0;0;0;0.6016;0.599;1.8236;"{""ddc"": 0.062, ""z"": 0.062, ""arm"": 0.062, ""br"": 0.815}";;;High z-score: temp_max_step_hrs (z=2.31);2;stable_baseline;threshold_calibration_and_evaluation;0.5353;anomaly_score_pr_max_f1;full_dataset;regular;0.3333;0.0;0;deviant;regular;0.3333;static_dc_score_score_distribution_otsu;0.8609;single_arm_score_score_distribution_otsu
A10254;deviant;4;0;0;0;0.0;0;1;0;6720.0;4752.0;2222.7334523059662;1;1;1;1.0;0;0;0.0;1.0;0.8143236074270557;4;add penalty;running;45.5;13.950000000000001;0.5494;Low;None;0.0417;0.1143;0.0;0.1667;0.0;0.0;0.0;1;0;0.6016;0.599;0.7074;"{""ddc"": 0.062, ""z"": 0.062, ""arm"": 0.062, ""br"": 0.815}";DDC_PCTL:expense;;DDC violations: DDC_PCTL:expense;2;stable_baseline;threshold_calibration_and_evaluation;0.5353;anomaly_score_pr_max_f1;full_dataset;deviant;0.3333;0.0;0;deviant;regular;0.3333;static_dc_score_score_distribution_otsu;0.8609;single_arm_score_score_distribution_otsu
A10263;deviant;4;0;0;0;0.0;0;1;0;4776.0;2952.0;1290.7300259930425;1;1;1;1.0;0;0;0.0;1.0;0.8143236074270557;4;add penalty;running;45.5;9.75;0.6021;High;None;0.0;0.057;0.0;0.1667;0.0;0.0;0.0;0;0;0.6017;0.599;0.3474;"{""ddc"": 0.062, ""z"": 0.062, ""arm"": 0.062, ""br"": 0.815}";;;No significant deviations detected;2;candidate_anomaly;threshold_calibration_and_evaluation;0.5353;anomaly_score_pr_max_f1;full_dataset;deviant;0.0;0.0;0;regular;regular;0.3333;static_dc_score_score_distribution_otsu;0.8609;single_arm_score_score_distribution_otsu
